sample,time,window,precision,modulation,band,rx,sleep,period,measured
0,29:18.2,2,1.00E-07,2,32,5652,4047,setup,8.62E-05
1,29:18.2,2,1.00E-07,2,32,5652,4047,rx,0.087345204
2,29:18.2,2,1.00E-07,2,32,5652,4047,sleep,0.063157203
3,29:18.2,2,1.00E-07,2,32,5652,4047,rx,0.087351304
4,29:18.2,2,1.00E-07,2,32,5652,4047,sleep,0.063152503
5,29:18.3,2,1.00E-07,2,32,5652,4047,rx,0.087341004
6,29:18.3,2,1.00E-07,2,32,5652,4047,sleep,0.063150903
7,29:18.3,2,1.00E-07,2,32,5652,4047,rx,0.087361804
8,29:18.3,2,1.00E-07,2,32,5652,4047,sleep,0.063169503
9,29:18.3,2,1.00E-07,2,32,5652,4047,rx,0.087365104
10,29:18.3,2,1.00E-07,2,32,5652,4047,sleep,0.063157403
11,29:18.3,2,1.00E-07,2,32,5652,4047,rx,0.087336804
12,29:18.3,2,1.00E-07,2,32,5652,4047,sleep,0.063137403
13,29:18.3,2,1.00E-07,2,32,5652,4047,rx,0.087336804
14,29:18.3,2,1.00E-07,2,32,5652,4047,sleep,0.063144803
15,29:18.3,2,1.00E-07,2,32,5652,4047,rx,0.087344104
16,29:18.3,2,1.00E-07,2,32,5652,4047,sleep,0.063149803
17,29:18.3,2,1.00E-07,2,32,5652,4047,rx,0.087325804
18,29:18.3,2,1.00E-07,2,32,5652,4047,sleep,0.063150303
19,29:18.3,2,1.00E-07,2,32,5652,4047,rx,0.087340404
20,29:18.3,2,1.00E-07,2,32,5652,4047,sleep,0.063147103
21,29:18.3,2,1.00E-07,2,32,5652,4047,rx,0.087333404
22,29:18.3,2,1.00E-07,2,32,5652,4047,sleep,0.063146603
23,29:18.3,2,1.00E-07,2,32,5652,4047,rx,0.087346104
24,30:10.6,2,1.00E-07,3,10,17584,30280,setup,8.62E-05
25,30:10.6,2,1.00E-07,3,10,17584,30280,rx,0.271731414
26,30:10.6,2,1.00E-07,3,10,17584,30280,sleep,0.468554423
27,30:10.6,2,1.00E-07,3,10,17584,30280,rx,0.271740914
28,30:10.6,2,1.00E-07,3,10,17584,30280,sleep,0.468570623
29,30:10.6,2,1.00E-07,3,10,17584,30280,rx,0.271783714
30,31:04.2,2,1.00E-07,6,50,18233,23079,setup,8.62E-05
31,31:04.2,2,1.00E-07,6,50,18233,23079,rx,0.281790314
32,31:04.2,2,1.00E-07,6,50,18233,23079,sleep,0.357276918
33,31:04.2,2,1.00E-07,6,50,18233,23079,rx,0.281756614
34,31:04.2,2,1.00E-07,6,50,18233,23079,sleep,0.357273918
35,31:04.2,2,1.00E-07,6,50,18233,23079,rx,0.281781114
36,31:56.1,2,1.00E-07,1,21,3114,29032,setup,8.62E-05
37,31:56.1,2,1.00E-07,1,21,3114,29032,rx,0.048149402
38,31:56.1,2,1.00E-07,1,21,3114,29032,sleep,0.449284322
39,31:56.1,2,1.00E-07,1,21,3114,29032,rx,0.048149602
40,31:56.1,2,1.00E-07,1,21,3114,29032,sleep,0.449235222
41,31:56.1,2,1.00E-07,1,21,3114,29032,rx,0.048143902
42,31:56.1,2,1.00E-07,1,21,3114,29032,sleep,0.449203822
43,31:56.1,2,1.00E-07,1,21,3114,29032,rx,0.048155002
44,32:47.2,2,1.00E-07,0,29,12142,5324,setup,8.63E-05
45,32:47.2,2,1.00E-07,0,29,12142,5324,rx,0.187669809
46,32:47.2,2,1.00E-07,0,29,12142,5324,sleep,0.082894804
47,32:47.2,2,1.00E-07,0,29,12142,5324,rx,0.187652209
48,32:47.2,2,1.00E-07,0,29,12142,5324,sleep,0.082898304
49,32:47.2,2,1.00E-07,0,29,12142,5324,rx,0.187652509
50,32:47.2,2,1.00E-07,0,29,12142,5324,sleep,0.082912304
51,32:47.2,2,1.00E-07,0,29,12142,5324,rx,0.187652809
52,32:47.2,2,1.00E-07,0,29,12142,5324,sleep,0.082886904
53,32:47.2,2,1.00E-07,0,29,12142,5324,rx,0.187616509
54,32:47.2,2,1.00E-07,0,29,12142,5324,sleep,0.082894104
55,32:47.2,2,1.00E-07,0,29,12142,5324,rx,0.187625909
56,32:47.2,2,1.00E-07,0,29,12142,5324,sleep,0.082882904
57,33:40.6,2,1.00E-07,4,33,26155,16923,setup,8.62E-05
58,33:40.6,2,1.00E-07,4,33,26155,16923,rx,0.40415692
59,33:40.6,2,1.00E-07,4,33,26155,16923,sleep,0.262091613
60,33:40.6,2,1.00E-07,4,33,26155,16923,rx,0.40415362
61,33:40.6,2,1.00E-07,4,33,26155,16923,sleep,0.262148913
62,33:40.6,2,1.00E-07,4,33,26155,16923,rx,0.40418722
63,34:34.4,2,1.00E-07,1,16,25695,26663,setup,8.62E-05
64,34:34.4,2,1.00E-07,1,16,25695,26663,rx,0.39704122
65,34:34.4,2,1.00E-07,1,16,25695,26663,sleep,0.412636121
66,34:34.4,2,1.00E-07,1,16,25695,26663,rx,0.39694342
67,34:34.4,2,1.00E-07,1,16,25695,26663,sleep,0.412595021
68,35:26.9,2,1.00E-07,1,6,29902,2699,setup,8.62E-05
69,35:26.9,2,1.00E-07,1,6,29902,2699,rx,0.462037723
70,35:26.9,2,1.00E-07,1,6,29902,2699,sleep,0.042358902
71,35:26.9,2,1.00E-07,1,6,29902,2699,rx,0.462083923
72,35:26.9,2,1.00E-07,1,6,29902,2699,sleep,0.042368602
73,35:26.9,2,1.00E-07,1,6,29902,2699,rx,0.462095823
74,35:26.9,2,1.00E-07,1,6,29902,2699,sleep,0.042358302
75,36:20.1,2,1.00E-07,6,27,8349,24979,setup,8.62E-05
76,36:20.1,2,1.00E-07,6,27,8349,24979,rx,0.129043006
77,36:20.1,2,1.00E-07,6,27,8349,24979,sleep,0.386621219
78,36:20.1,2,1.00E-07,6,27,8349,24979,rx,0.129041706
79,36:20.1,2,1.00E-07,6,27,8349,24979,sleep,0.386591519
80,36:20.1,2,1.00E-07,6,27,8349,24979,rx,0.129036606
81,36:20.1,2,1.00E-07,6,27,8349,24979,sleep,0.386661919
82,36:20.1,2,1.00E-07,6,27,8349,24979,rx,0.129011006
83,37:13.6,2,1.00E-07,2,35,28667,22420,setup,8.62E-05
84,37:13.6,2,1.00E-07,2,35,28667,22420,rx,0.443010322
85,37:13.6,2,1.00E-07,2,35,28667,22420,sleep,0.347075417
86,37:13.6,2,1.00E-07,2,35,28667,22420,rx,0.442957522
87,37:13.6,2,1.00E-07,2,35,28667,22420,sleep,0.347048217
88,38:04.4,2,1.00E-07,3,47,9127,11425,setup,8.63E-05
89,38:04.4,2,1.00E-07,3,47,9127,11425,rx,0.141000807
90,38:04.4,2,1.00E-07,3,47,9127,11425,sleep,0.177074709
91,38:04.4,2,1.00E-07,3,47,9127,11425,rx,0.140974307
92,38:04.4,2,1.00E-07,3,47,9127,11425,sleep,0.177091109
93,38:04.4,2,1.00E-07,3,47,9127,11425,rx,0.141010707
94,38:04.4,2,1.00E-07,3,47,9127,11425,sleep,0.177090909
95,38:04.4,2,1.00E-07,3,47,9127,11425,rx,0.140993507
96,38:04.4,2,1.00E-07,3,47,9127,11425,sleep,0.177122809
97,38:04.4,2,1.00E-07,3,47,9127,11425,rx,0.140996207
98,38:04.4,2,1.00E-07,3,47,9127,11425,sleep,0.177082709
99,38:04.4,2,1.00E-07,3,47,9127,11425,rx,0.140996707
100,38:55.0,2,1.00E-07,5,6,2168,17530,setup,8.63E-05
101,38:55.0,2,1.00E-07,5,6,2168,17530,rx,0.033527502
102,38:55.0,2,1.00E-07,5,6,2168,17530,sleep,0.271491814
103,38:55.0,2,1.00E-07,5,6,2168,17530,rx,0.033541402
104,38:55.0,2,1.00E-07,5,6,2168,17530,sleep,0.271489814
105,38:55.0,2,1.00E-07,5,6,2168,17530,rx,0.033523902
106,38:55.0,2,1.00E-07,5,6,2168,17530,sleep,0.271486514
107,38:55.0,2,1.00E-07,5,6,2168,17530,rx,0.033538702
108,38:55.0,2,1.00E-07,5,6,2168,17530,sleep,0.271467114
109,38:55.1,2,1.00E-07,5,6,2168,17530,rx,0.033531902
110,38:55.1,2,1.00E-07,5,6,2168,17530,sleep,0.271497014
111,38:55.1,2,1.00E-07,5,6,2168,17530,rx,0.033529102
112,39:48.2,2,1.00E-07,1,7,24449,19790,setup,8.62E-05
113,39:48.2,2,1.00E-07,1,7,24449,19790,rx,0.377768419
114,39:48.2,2,1.00E-07,1,7,24449,19790,sleep,0.306491115
115,39:48.2,2,1.00E-07,1,7,24449,19790,rx,0.20991741
116,39:48.2,2,1.00E-07,1,7,24449,19790,sleep,1.56E-05
117,39:48.2,2,1.00E-07,1,7,24449,19790,rx,0.897514045
118,39:48.2,2,1.00E-07,1,7,24449,19790,sleep,1.09E-05
119,40:37.4,2,1.00E-07,3,9,23291,23881,setup,8.62E-05
120,40:37.4,2,1.00E-07,3,9,23291,23881,rx,0.359899718
121,40:37.4,2,1.00E-07,3,9,23291,23881,sleep,0.369625418
122,40:37.4,2,1.00E-07,3,9,23291,23881,rx,0.359947318
123,40:37.4,2,1.00E-07,3,9,23291,23881,sleep,0.369766618
124,41:29.3,2,1.00E-07,7,37,22425,18280,setup,8.62E-05
125,41:29.3,2,1.00E-07,7,37,22425,18280,rx,0.346506717
126,41:29.3,2,1.00E-07,7,37,22425,18280,sleep,0.283094714
127,41:29.3,2,1.00E-07,7,37,22425,18280,rx,0.346603617
128,41:29.3,2,1.00E-07,7,37,22425,18280,sleep,0.283149414
129,41:29.3,2,1.00E-07,7,37,22425,18280,rx,0.346555417
130,42:20.3,2,1.00E-07,5,3,18292,3057,setup,8.62E-05
131,42:20.4,2,1.00E-07,5,3,18292,3057,rx,0.282710114
132,42:20.4,2,1.00E-07,5,3,18292,3057,sleep,0.047902702
133,42:20.4,2,1.00E-07,5,3,18292,3057,rx,0.282782114
134,42:20.4,2,1.00E-07,5,3,18292,3057,sleep,0.047905102
135,42:20.4,2,1.00E-07,5,3,18292,3057,rx,0.282712414
136,42:20.4,2,1.00E-07,5,3,18292,3057,sleep,0.047893002
137,42:20.4,2,1.00E-07,5,3,18292,3057,rx,0.282713114
138,42:20.4,2,1.00E-07,5,3,18292,3057,sleep,0.047905302
139,42:20.4,2,1.00E-07,5,3,18292,3057,rx,0.282782914
140,42:20.4,2,1.00E-07,5,3,18292,3057,sleep,0.047905902
141,43:12.7,2,1.00E-07,2,6,9542,15152,setup,8.63E-05
142,43:12.7,2,1.00E-07,2,6,9542,15152,rx,0.147457507
143,43:12.7,2,1.00E-07,2,6,9542,15152,sleep,0.234710112
144,43:12.7,2,1.00E-07,2,6,9542,15152,rx,0.147437007
145,43:12.7,2,1.00E-07,2,6,9542,15152,sleep,0.234760112
146,43:12.7,2,1.00E-07,2,6,9542,15152,rx,0.147468407
147,43:12.7,2,1.00E-07,2,6,9542,15152,sleep,0.234754912
148,43:12.7,2,1.00E-07,2,6,9542,15152,rx,0.147461307
149,43:12.7,2,1.00E-07,2,6,9542,15152,sleep,0.234774912
150,43:12.7,2,1.00E-07,2,6,9542,15152,rx,0.147453907
151,44:04.8,2,1.00E-07,2,25,17541,26829,setup,8.62E-05
152,44:04.8,2,1.00E-07,2,25,17541,26829,rx,0.271023114
153,44:04.8,2,1.00E-07,2,25,17541,26829,sleep,0.415116521
154,44:04.8,2,1.00E-07,2,25,17541,26829,rx,0.271037114
155,44:04.8,2,1.00E-07,2,25,17541,26829,sleep,0.415145121
156,44:04.8,2,1.00E-07,2,25,17541,26829,rx,0.271033614
157,44:54.3,2,1.00E-07,4,1,8667,18839,setup,8.62E-05
158,44:54.3,2,1.00E-07,4,1,8667,18839,rx,0.133949707
159,44:54.3,2,1.00E-07,4,1,8667,18839,sleep,0.291726515
160,44:54.3,2,1.00E-07,4,1,8667,18839,rx,0.133946107
161,44:54.3,2,1.00E-07,4,1,8667,18839,sleep,0.291784715
162,44:54.3,2,1.00E-07,4,1,8667,18839,rx,0.133959607
163,44:54.3,2,1.00E-07,4,1,8667,18839,sleep,0.291771915
164,44:54.3,2,1.00E-07,4,1,8667,18839,rx,0.133966907
165,44:54.3,2,1.00E-07,4,1,8667,18839,sleep,0.291793315
166,45:44.2,2,1.00E-07,4,10,6630,21703,setup,8.62E-05
167,45:44.2,2,1.00E-07,4,10,6630,21703,rx,0.102496005
168,45:44.2,2,1.00E-07,4,10,6630,21703,sleep,0.336023117
169,45:44.2,2,1.00E-07,4,10,6630,21703,rx,0.102490605
170,45:44.2,2,1.00E-07,4,10,6630,21703,sleep,0.335972217
171,45:44.2,2,1.00E-07,4,10,6630,21703,rx,0.102480905
172,45:44.2,2,1.00E-07,4,10,6630,21703,sleep,0.336081217
173,45:44.2,2,1.00E-07,4,10,6630,21703,rx,0.102476405
174,45:44.2,2,1.00E-07,4,10,6630,21703,sleep,0.335982917
175,46:37.1,2,1.00E-07,5,44,4702,12583,setup,8.63E-05
176,46:37.1,2,1.00E-07,5,44,4702,12583,rx,0.072685904
177,46:37.1,2,1.00E-07,5,44,4702,12583,sleep,0.19507891
178,46:37.1,2,1.00E-07,5,44,4702,12583,rx,0.072687404
179,46:37.1,2,1.00E-07,5,44,4702,12583,sleep,0.19507481
180,46:37.1,2,1.00E-07,5,44,4702,12583,rx,0.072689204
181,46:37.1,2,1.00E-07,5,44,4702,12583,sleep,0.19509601
182,46:37.1,2,1.00E-07,5,44,4702,12583,rx,0.072703104
183,46:37.1,2,1.00E-07,5,44,4702,12583,sleep,0.19510941
184,46:37.1,2,1.00E-07,5,44,4702,12583,rx,0.072704904
185,46:37.1,2,1.00E-07,5,44,4702,12583,sleep,0.19510511
186,46:37.1,2,1.00E-07,5,44,4702,12583,rx,0.072695004
187,46:37.1,2,1.00E-07,5,44,4702,12583,sleep,0.19512241
188,46:37.1,2,1.00E-07,5,44,4702,12583,rx,0.072699804
189,47:28.4,2,1.00E-07,2,21,26573,1881,setup,8.62E-05
190,47:28.4,2,1.00E-07,2,21,26573,1881,rx,0.410649421
191,47:28.4,2,1.00E-07,2,21,26573,1881,sleep,0.029704901
192,47:28.4,2,1.00E-07,2,21,26573,1881,rx,0.410585621
193,47:28.4,2,1.00E-07,2,21,26573,1881,sleep,0.029697901
194,47:28.4,2,1.00E-07,2,21,26573,1881,rx,0.410604721
195,47:28.4,2,1.00E-07,2,21,26573,1881,sleep,0.029701301
196,47:28.4,2,1.00E-07,2,21,26573,1881,rx,0.410643921
197,47:28.4,2,1.00E-07,2,21,26573,1881,sleep,0.029702801
198,48:22.0,2,1.00E-07,2,23,3410,15198,setup,8.62E-05
199,48:22.0,2,1.00E-07,2,23,3410,15198,rx,0.052739403
200,48:22.0,2,1.00E-07,2,23,3410,15198,sleep,0.235529512
201,48:22.0,2,1.00E-07,2,23,3410,15198,rx,0.052733203
202,48:22.0,2,1.00E-07,2,23,3410,15198,sleep,0.235549012
203,48:22.0,2,1.00E-07,2,23,3410,15198,rx,0.052744203
204,48:22.0,2,1.00E-07,2,23,3410,15198,sleep,0.235533412
205,48:22.0,2,1.00E-07,2,23,3410,15198,rx,0.052738303
206,48:22.0,2,1.00E-07,2,23,3410,15198,sleep,0.235576412
207,48:22.0,2,1.00E-07,2,23,3410,15198,rx,0.052724803
208,48:22.0,2,1.00E-07,2,23,3410,15198,sleep,0.235523612
209,48:22.0,2,1.00E-07,2,23,3410,15198,rx,0.052733703
210,48:22.0,2,1.00E-07,2,23,3410,15198,sleep,0.235513912
211,48:22.0,2,1.00E-07,2,23,3410,15198,rx,0.052719703
212,49:14.4,2,1.00E-07,3,10,12390,29692,setup,8.62E-05
213,49:14.4,2,1.00E-07,3,10,12390,29692,rx,0.19152501
214,49:14.4,2,1.00E-07,3,10,12390,29692,sleep,0.459505723
215,49:14.4,2,1.00E-07,3,10,12390,29692,rx,0.19150661
216,49:14.4,2,1.00E-07,3,10,12390,29692,sleep,0.459578423
217,49:14.4,2,1.00E-07,3,10,12390,29692,rx,0.19153941
218,50:09.0,2,1.00E-07,6,22,24669,5803,setup,8.62E-05
219,50:09.0,2,1.00E-07,6,22,24669,5803,rx,0.381273619
220,50:09.0,2,1.00E-07,6,22,24669,5803,sleep,0.090314305
221,50:09.0,2,1.00E-07,6,22,24669,5803,rx,0.381208719
222,50:09.0,2,1.00E-07,6,22,24669,5803,sleep,0.090325705
223,50:09.0,2,1.00E-07,6,22,24669,5803,rx,0.381315119
224,50:09.0,2,1.00E-07,6,22,24669,5803,sleep,0.090329605
225,50:09.0,2,1.00E-07,6,22,24669,5803,rx,0.381232719
226,51:02.5,2,1.00E-07,4,35,29278,9015,setup,8.62E-05
227,51:02.5,2,1.00E-07,4,35,29278,9015,rx,0.452430723
228,51:02.5,2,1.00E-07,4,35,29278,9015,sleep,0.139949807
229,51:02.5,2,1.00E-07,4,35,29278,9015,rx,0.452396423
230,51:02.5,2,1.00E-07,4,35,29278,9015,sleep,0.139910207
231,51:02.5,2,1.00E-07,4,35,29278,9015,rx,0.452412823
232,51:02.5,2,1.00E-07,4,35,29278,9015,sleep,0.139922607
233,51:54.2,2,1.00E-07,7,40,24586,22465,setup,8.62E-05
234,51:54.2,2,1.00E-07,7,40,24586,22465,rx,0.379893019
235,51:54.2,2,1.00E-07,7,40,24586,22465,sleep,0.347731017
236,51:54.2,2,1.00E-07,7,40,24586,22465,rx,0.379880019
237,51:54.2,2,1.00E-07,7,40,24586,22465,sleep,0.347744317
238,52:46.1,2,1.00E-07,0,43,3788,9426,setup,8.61E-05
239,52:46.1,2,1.00E-07,0,43,3788,9426,rx,0.058572203
240,52:46.1,2,1.00E-07,0,43,3788,9426,sleep,0.146313507
241,52:46.1,2,1.00E-07,0,43,3788,9426,rx,0.058548403
242,52:46.1,2,1.00E-07,0,43,3788,9426,sleep,0.146289307
243,52:46.1,2,1.00E-07,0,43,3788,9426,rx,0.058569003
244,52:46.1,2,1.00E-07,0,43,3788,9426,sleep,0.146311707
245,52:46.2,2,1.00E-07,0,43,3788,9426,rx,0.058577103
246,52:46.2,2,1.00E-07,0,43,3788,9426,sleep,0.146306207
247,52:46.2,2,1.00E-07,0,43,3788,9426,rx,0.058559403
248,52:46.2,2,1.00E-07,0,43,3788,9426,sleep,0.146332807
249,52:46.2,2,1.00E-07,0,43,3788,9426,rx,0.058568303
250,52:46.2,2,1.00E-07,0,43,3788,9426,sleep,0.146327707
251,52:46.2,2,1.00E-07,0,43,3788,9426,rx,0.058573403
252,52:46.2,2,1.00E-07,0,43,3788,9426,sleep,0.146320507
253,52:46.2,2,1.00E-07,0,43,3788,9426,rx,0.058572303
254,52:46.2,2,1.00E-07,0,43,3788,9426,sleep,0.146353707
255,52:46.2,2,1.00E-07,0,43,3788,9426,rx,0.058575003
256,53:36.9,2,1.00E-07,2,48,30663,24117,setup,8.63E-05
257,53:36.9,2,1.00E-07,2,48,30663,24117,rx,0.473839224
258,53:36.9,2,1.00E-07,2,48,30663,24117,sleep,0.373280719
259,53:36.9,2,1.00E-07,2,48,30663,24117,rx,0.473813424
260,53:36.9,2,1.00E-07,2,48,30663,24117,sleep,0.373277719
261,54:29.6,2,1.00E-07,4,4,14579,28924,setup,8.63E-05
262,54:29.6,2,1.00E-07,4,4,14579,28924,rx,0.225312911
263,54:29.6,2,1.00E-07,4,4,14579,28924,sleep,0.447619722
264,54:29.6,2,1.00E-07,4,4,14579,28924,rx,0.225358911
265,54:29.6,2,1.00E-07,4,4,14579,28924,sleep,0.447634322
266,54:29.6,2,1.00E-07,4,4,14579,28924,rx,0.225305611
267,55:19.2,2,1.00E-07,4,17,23363,13130,setup,8.62E-05
268,55:19.2,2,1.00E-07,4,17,23363,13130,rx,0.361184318
269,55:19.2,2,1.00E-07,4,17,23363,13130,sleep,0.20355851
270,55:19.2,2,1.00E-07,4,17,23363,13130,rx,0.361079518
271,55:19.2,2,1.00E-07,4,17,23363,13130,sleep,0.20360701
272,55:19.2,2,1.00E-07,4,17,23363,13130,rx,0.361147318
273,55:19.2,2,1.00E-07,4,17,23363,13130,sleep,0.20356901
274,56:12.0,2,1.00E-07,6,43,5002,23936,setup,8.62E-05
275,56:12.0,2,1.00E-07,6,43,5002,23936,rx,0.077367504
276,56:12.0,2,1.00E-07,6,43,5002,23936,sleep,0.370736819
277,56:12.0,2,1.00E-07,6,43,5002,23936,rx,0.077348304
278,56:12.0,2,1.00E-07,6,43,5002,23936,sleep,0.370604919
279,56:12.0,2,1.00E-07,6,43,5002,23936,rx,0.077334904
280,56:12.0,2,1.00E-07,6,43,5002,23936,sleep,0.370534319
281,56:12.0,2,1.00E-07,6,43,5002,23936,rx,0.077321404
282,56:12.0,2,1.00E-07,6,43,5002,23936,sleep,0.370518319
283,57:05.1,2,1.00E-07,0,1,12040,26277,setup,8.62E-05
284,57:05.1,2,1.00E-07,0,1,12040,26277,rx,0.186146309
285,57:05.1,2,1.00E-07,0,1,12040,26277,sleep,0.40683382
286,57:05.1,2,1.00E-07,0,1,12040,26277,rx,0.186164509
287,57:05.1,2,1.00E-07,0,1,12040,26277,sleep,0.40682662
288,57:05.1,2,1.00E-07,0,1,12040,26277,rx,0.186142809
289,57:05.1,2,1.00E-07,0,1,12040,26277,sleep,0.40679402
290,57:56.9,2,1.00E-07,4,49,28080,4470,setup,8.61E-05
291,57:56.9,2,1.00E-07,4,49,28080,4470,rx,0.434061522
292,57:56.9,2,1.00E-07,4,49,28080,4470,sleep,0.069727503
293,57:56.9,2,1.00E-07,4,49,28080,4470,rx,0.434019422
294,57:56.9,2,1.00E-07,4,49,28080,4470,sleep,0.069728803
295,57:56.9,2,1.00E-07,4,49,28080,4470,rx,0.434019422
296,57:56.9,2,1.00E-07,4,49,28080,4470,sleep,0.069730103
297,58:48.0,2,1.00E-07,3,26,20973,4666,setup,8.63E-05
298,58:48.0,2,1.00E-07,3,26,20973,4666,rx,0.324114716
299,58:48.0,2,1.00E-07,3,26,20973,4666,sleep,0.072739604
300,58:48.1,2,1.00E-07,3,26,20973,4666,rx,0.324113916
301,58:48.1,2,1.00E-07,3,26,20973,4666,sleep,0.072729104
302,58:48.1,2,1.00E-07,3,26,20973,4666,rx,0.324143016
303,58:48.1,2,1.00E-07,3,26,20973,4666,sleep,0.072752104
304,58:48.1,2,1.00E-07,3,26,20973,4666,rx,0.324111716
305,58:48.1,2,1.00E-07,3,26,20973,4666,sleep,0.072740704
306,59:35.3,2,1.00E-07,7,4,23319,1037,setup,8.61E-05
307,59:35.3,2,1.00E-07,7,4,23319,1037,rx,0.360403118
308,59:35.3,2,1.00E-07,7,4,23319,1037,sleep,0.016680701
309,59:35.3,2,1.00E-07,7,4,23319,1037,rx,0.360423418
310,59:35.3,2,1.00E-07,7,4,23319,1037,sleep,0.016682901
311,59:35.3,2,1.00E-07,7,4,23319,1037,rx,0.360420418
312,59:35.3,2,1.00E-07,7,4,23319,1037,sleep,0.016686301
313,59:35.3,2,1.00E-07,7,4,23319,1037,rx,0.360450018
314,59:35.3,2,1.00E-07,7,4,23319,1037,sleep,0.016685101
315,00:30.6,2,1.00E-07,2,4,20176,1964,setup,8.62E-05
316,00:30.6,2,1.00E-07,2,4,20176,1964,rx,0.311751416
317,00:30.6,2,1.00E-07,2,4,20176,1964,sleep,0.031002602
318,00:30.6,2,1.00E-07,2,4,20176,1964,rx,0.311751416
319,00:30.6,2,1.00E-07,2,4,20176,1964,sleep,0.030998802
320,00:30.6,2,1.00E-07,2,4,20176,1964,rx,0.311747816
321,00:30.6,2,1.00E-07,2,4,20176,1964,sleep,0.030999802
322,00:30.6,2,1.00E-07,2,4,20176,1964,rx,0.311776816
323,00:30.6,2,1.00E-07,2,4,20176,1964,sleep,0.031003202
324,00:30.6,2,1.00E-07,2,4,20176,1964,rx,0.311835416
325,00:30.6,2,1.00E-07,2,4,20176,1964,sleep,0.031009702
326,01:21.9,2,1.00E-07,0,9,19783,13659,setup,8.62E-05
327,01:21.9,2,1.00E-07,0,9,19783,13659,rx,0.305722215
328,01:21.9,2,1.00E-07,0,9,19783,13659,sleep,0.211776211
329,01:21.9,2,1.00E-07,0,9,19783,13659,rx,0.305731915
330,01:21.9,2,1.00E-07,0,9,19783,13659,sleep,0.211666311
331,01:21.9,2,1.00E-07,0,9,19783,13659,rx,0.305716715
332,01:21.9,2,1.00E-07,0,9,19783,13659,sleep,0.211719911
333,02:15.9,2,1.00E-07,7,34,27265,30514,setup,8.62E-05
334,02:16.0,2,1.00E-07,7,34,27265,30514,rx,0.421235921
335,02:16.0,2,1.00E-07,7,34,27265,30514,sleep,0.472056924
336,02:16.0,2,1.00E-07,7,34,27265,30514,rx,0.421236821
337,02:16.0,2,1.00E-07,7,34,27265,30514,sleep,0.472092924
338,03:09.8,2,1.00E-07,2,49,15572,7094,setup,8.63E-05
339,03:09.8,2,1.00E-07,2,49,15572,7094,rx,0.240599712
340,03:09.8,2,1.00E-07,2,49,15572,7094,sleep,0.110221506
341,03:09.8,2,1.00E-07,2,49,15572,7094,rx,0.240649212
342,03:09.8,2,1.00E-07,2,49,15572,7094,sleep,0.110249806
343,03:09.8,2,1.00E-07,2,49,15572,7094,rx,0.240591212
344,03:09.8,2,1.00E-07,2,49,15572,7094,sleep,0.110227006
345,03:09.8,2,1.00E-07,2,49,15572,7094,rx,0.240579212
346,03:09.8,2,1.00E-07,2,49,15572,7094,sleep,0.110257906
347,03:09.8,2,1.00E-07,2,49,15572,7094,rx,0.240718912
348,03:09.8,2,1.00E-07,2,49,15572,7094,sleep,0.110279106
349,04:03.8,2,1.00E-07,0,33,9110,25845,setup,8.63E-05
350,04:03.8,2,1.00E-07,0,33,9110,25845,rx,0.140806707
351,04:03.8,2,1.00E-07,0,33,9110,25845,sleep,0.40002292
352,04:03.8,2,1.00E-07,0,33,9110,25845,rx,0.140804307
353,04:03.8,2,1.00E-07,0,33,9110,25845,sleep,0.40004762
354,04:03.8,2,1.00E-07,0,33,9110,25845,rx,0.140808107
355,04:03.8,2,1.00E-07,0,33,9110,25845,sleep,0.40005392
356,04:03.8,2,1.00E-07,0,33,9110,25845,rx,0.140826907
357,04:57.4,2,1.00E-07,3,19,21036,18037,setup,8.62E-05
358,04:57.4,2,1.00E-07,3,19,21036,18037,rx,0.325245716
359,04:57.4,2,1.00E-07,3,19,21036,18037,sleep,0.279472914
360,04:57.4,2,1.00E-07,3,19,21036,18037,rx,0.325186316
361,04:57.4,2,1.00E-07,3,19,21036,18037,sleep,0.279452714
362,04:57.4,2,1.00E-07,3,19,21036,18037,rx,0.325159616
363,05:50.8,2,1.00E-07,1,48,31616,755,setup,8.62E-05
364,05:50.8,2,1.00E-07,1,48,31616,755,rx,0.488630224
365,05:50.8,2,1.00E-07,1,48,31616,755,sleep,0.012303301
366,05:50.8,2,1.00E-07,1,48,31616,755,rx,0.488692324
367,05:50.8,2,1.00E-07,1,48,31616,755,sleep,0.012304601
368,05:50.8,2,1.00E-07,1,48,31616,755,rx,0.488732024
369,05:50.8,2,1.00E-07,1,48,31616,755,sleep,0.012303701
370,06:43.4,2,1.00E-07,7,39,8716,9869,setup,8.61E-05
371,06:43.4,2,1.00E-07,7,39,8716,9869,rx,0.134721207
372,06:43.4,2,1.00E-07,7,39,8716,9869,sleep,0.153126508
373,06:43.4,2,1.00E-07,7,39,8716,9869,rx,0.134708007
374,06:43.4,2,1.00E-07,7,39,8716,9869,sleep,0.153140508
375,06:43.4,2,1.00E-07,7,39,8716,9869,rx,0.134722707
376,06:43.4,2,1.00E-07,7,39,8716,9869,sleep,0.153146408
377,06:43.4,2,1.00E-07,7,39,8716,9869,rx,0.134714007
378,06:43.4,2,1.00E-07,7,39,8716,9869,sleep,0.153162908
379,06:43.4,2,1.00E-07,7,39,8716,9869,rx,0.134735907
380,06:43.4,2,1.00E-07,7,39,8716,9869,sleep,0.153171508
381,06:43.4,2,1.00E-07,7,39,8716,9869,rx,0.134747807
382,06:43.4,2,1.00E-07,7,39,8716,9869,sleep,0.153173908
383,07:40.3,2,1.00E-07,3,44,10223,2701,setup,8.62E-05
384,07:40.3,2,1.00E-07,3,44,10223,2701,rx,0.157986308
385,07:40.3,2,1.00E-07,3,44,10223,2701,sleep,0.042362202
386,07:40.3,2,1.00E-07,3,44,10223,2701,rx,0.158007108
387,07:40.3,2,1.00E-07,3,44,10223,2701,sleep,0.042371002
388,07:40.3,2,1.00E-07,3,44,10223,2701,rx,0.157979908
389,07:40.3,2,1.00E-07,3,44,10223,2701,sleep,0.042374302
390,07:40.3,2,1.00E-07,3,44,10223,2701,rx,0.158023708
391,07:40.3,2,1.00E-07,3,44,10223,2701,sleep,0.042370702
392,07:40.3,2,1.00E-07,3,44,10223,2701,rx,0.157988308
393,07:40.3,2,1.00E-07,3,44,10223,2701,sleep,0.042366002
394,07:40.3,2,1.00E-07,3,44,10223,2701,rx,0.158022908
395,07:40.3,2,1.00E-07,3,44,10223,2701,sleep,0.042361402
396,07:40.3,2,1.00E-07,3,44,10223,2701,rx,0.158010908
397,07:40.3,2,1.00E-07,3,44,10223,2701,sleep,0.042375802
398,07:40.3,2,1.00E-07,3,44,10223,2701,rx,0.157983808
399,07:40.3,2,1.00E-07,3,44,10223,2701,sleep,0.042364802
400,07:40.3,2,1.00E-07,3,44,10223,2701,rx,0.157982908
401,08:33.4,2,1.00E-07,6,35,23632,12010,setup,8.63E-05
402,08:33.4,2,1.00E-07,6,35,23632,12010,rx,0.365202418
403,08:33.4,2,1.00E-07,6,35,23632,12010,sleep,0.186202909
404,08:33.4,2,1.00E-07,6,35,23632,12010,rx,0.365207118
405,08:33.4,2,1.00E-07,6,35,23632,12010,sleep,0.186192109
406,08:33.4,2,1.00E-07,6,35,23632,12010,rx,0.365261318
407,08:33.4,2,1.00E-07,6,35,23632,12010,sleep,0.186306509
408,09:29.0,2,1.00E-07,5,7,30189,17978,setup,8.62E-05
409,09:29.0,2,1.00E-07,5,7,30189,17978,rx,0.466551323
410,09:29.0,2,1.00E-07,5,7,30189,17978,sleep,0.278545214
411,09:29.0,2,1.00E-07,5,7,30189,17978,rx,0.466630623
412,09:29.0,2,1.00E-07,5,7,30189,17978,sleep,0.278492014
413,10:21.7,2,1.00E-07,5,4,12053,25357,setup,8.62E-05
414,10:21.7,2,1.00E-07,5,4,12053,25357,rx,0.186274009
415,10:21.7,2,1.00E-07,5,4,12053,25357,sleep,0.39245082
416,10:21.7,2,1.00E-07,5,4,12053,25357,rx,0.186280009
417,10:21.7,2,1.00E-07,5,4,12053,25357,sleep,0.39248072
418,10:21.7,2,1.00E-07,5,4,12053,25357,rx,0.186290709
419,10:21.7,2,1.00E-07,5,4,12053,25357,sleep,0.39242982
420,11:14.9,2,1.00E-07,2,31,2012,1815,setup,8.62E-05
421,11:14.9,2,1.00E-07,2,31,2012,1815,rx,0.031141602
422,11:14.9,2,1.00E-07,2,31,2012,1815,sleep,0.028691001
423,11:14.9,2,1.00E-07,2,31,2012,1815,rx,0.031130002
424,11:14.9,2,1.00E-07,2,31,2012,1815,sleep,0.028683301
425,11:14.9,2,1.00E-07,2,31,2012,1815,rx,0.031122102
426,11:14.9,2,1.00E-07,2,31,2012,1815,sleep,0.028684101
427,11:14.9,2,1.00E-07,2,31,2012,1815,rx,0.031124702
428,11:14.9,2,1.00E-07,2,31,2012,1815,sleep,0.028689701
429,11:14.9,2,1.00E-07,2,31,2012,1815,rx,0.031127202
430,11:14.9,2,1.00E-07,2,31,2012,1815,sleep,0.028688501
431,11:14.9,2,1.00E-07,2,31,2012,1815,rx,0.031132502
432,11:14.9,2,1.00E-07,2,31,2012,1815,sleep,0.028686101
433,11:14.9,2,1.00E-07,2,31,2012,1815,rx,0.031120402
434,11:14.9,2,1.00E-07,2,31,2012,1815,sleep,0.028687601
435,11:14.9,2,1.00E-07,2,31,2012,1815,rx,0.031127502
436,11:14.9,2,1.00E-07,2,31,2012,1815,sleep,0.028691001
437,11:14.9,2,1.00E-07,2,31,2012,1815,rx,0.031125002
438,11:14.9,2,1.00E-07,2,31,2012,1815,sleep,0.028673401
439,11:14.9,2,1.00E-07,2,31,2012,1815,rx,0.031122802
440,11:14.9,2,1.00E-07,2,31,2012,1815,sleep,0.028682201
441,11:14.9,2,1.00E-07,2,31,2012,1815,rx,0.031126502
442,11:14.9,2,1.00E-07,2,31,2012,1815,sleep,0.028686201
443,11:14.9,2,1.00E-07,2,31,2012,1815,rx,0.031115102
444,11:14.9,2,1.00E-07,2,31,2012,1815,sleep,0.028676501
445,11:14.9,2,1.00E-07,2,31,2012,1815,rx,0.031124702
446,11:15.0,2,1.00E-07,2,31,2012,1815,sleep,0.028680001
447,11:15.0,2,1.00E-07,2,31,2012,1815,rx,0.031125402
448,11:15.0,2,1.00E-07,2,31,2012,1815,sleep,0.028681201
449,11:15.0,2,1.00E-07,2,31,2012,1815,rx,0.031123202
450,11:15.0,2,1.00E-07,2,31,2012,1815,sleep,0.028685001
451,11:15.0,2,1.00E-07,2,31,2012,1815,rx,0.031127302
452,11:15.0,2,1.00E-07,2,31,2012,1815,sleep,0.028680001
453,11:15.0,2,1.00E-07,2,31,2012,1815,rx,0.031126102
454,11:15.0,2,1.00E-07,2,31,2012,1815,sleep,0.028685101
455,11:15.0,2,1.00E-07,2,31,2012,1815,rx,0.031128902
456,11:15.0,2,1.00E-07,2,31,2012,1815,sleep,0.028686101
457,11:15.0,2,1.00E-07,2,31,2012,1815,rx,0.031125102
458,11:15.0,2,1.00E-07,2,31,2012,1815,sleep,0.028691001
459,11:15.0,2,1.00E-07,2,31,2012,1815,rx,0.031124702
460,11:15.0,2,1.00E-07,2,31,2012,1815,sleep,0.028688301
461,11:15.0,2,1.00E-07,2,31,2012,1815,rx,0.031128702
462,11:15.0,2,1.00E-07,2,31,2012,1815,sleep,0.028683801
463,11:15.0,2,1.00E-07,2,31,2012,1815,rx,0.031129002
464,11:15.0,2,1.00E-07,2,31,2012,1815,sleep,0.028685601
465,11:15.0,2,1.00E-07,2,31,2012,1815,rx,0.031124002
466,11:15.0,2,1.00E-07,2,31,2012,1815,sleep,0.028683901
467,11:15.0,2,1.00E-07,2,31,2012,1815,rx,0.031131302
468,11:15.0,2,1.00E-07,2,31,2012,1815,sleep,0.028689201
469,11:15.0,2,1.00E-07,2,31,2012,1815,rx,0.031127902
470,11:15.0,2,1.00E-07,2,31,2012,1815,sleep,0.028685401
471,11:15.0,2,1.00E-07,2,31,2012,1815,rx,0.031123302
472,11:15.0,2,1.00E-07,2,31,2012,1815,sleep,0.028687501
473,11:15.0,2,1.00E-07,2,31,2012,1815,rx,0.031131002
474,11:15.0,2,1.00E-07,2,31,2012,1815,sleep,0.028686401
475,11:15.0,2,1.00E-07,2,31,2012,1815,rx,0.031123902
476,11:15.0,2,1.00E-07,2,31,2012,1815,sleep,0.028688701
477,11:15.0,2,1.00E-07,2,31,2012,1815,rx,0.031125802
478,11:15.0,2,1.00E-07,2,31,2012,1815,sleep,0.028683301
479,11:15.0,2,1.00E-07,2,31,2012,1815,rx,0.031126202
480,11:15.0,2,1.00E-07,2,31,2012,1815,sleep,0.028682101
481,12:06.4,2,1.00E-07,6,8,3340,31470,setup,8.62E-05
482,12:06.4,2,1.00E-07,6,8,3340,31470,rx,0.051643003
483,12:06.4,2,1.00E-07,6,8,3340,31470,sleep,0.486877424
484,12:06.4,2,1.00E-07,6,8,3340,31470,rx,0.051636103
485,12:06.4,2,1.00E-07,6,8,3340,31470,sleep,0.486944624
486,12:06.4,2,1.00E-07,6,8,3340,31470,rx,0.051636903
487,12:06.4,2,1.00E-07,6,8,3340,31470,sleep,0.486975324
488,12:06.4,2,1.00E-07,6,8,3340,31470,rx,0.051638603
489,12:59.0,2,1.00E-07,3,33,24675,30886,setup,8.62E-05
490,12:59.1,2,1.00E-07,3,33,24675,30886,rx,0.381430419
491,12:59.1,2,1.00E-07,3,33,24675,30886,sleep,0.478037124
492,12:59.1,2,1.00E-07,3,33,24675,30886,rx,0.381436919
493,12:59.1,2,1.00E-07,3,33,24675,30886,sleep,0.478029624
494,13:53.4,2,1.00E-07,4,48,12272,12337,setup,8.63E-05
495,13:53.4,2,1.00E-07,4,48,12272,12337,rx,0.189611009
496,13:53.4,2,1.00E-07,4,48,12272,12337,sleep,0.19123241
497,13:53.4,2,1.00E-07,4,48,12272,12337,rx,0.189644709
498,13:53.4,2,1.00E-07,4,48,12272,12337,sleep,0.19128491
499,13:53.4,2,1.00E-07,4,48,12272,12337,rx,0.189638109
500,13:53.4,2,1.00E-07,4,48,12272,12337,sleep,0.19122911
501,13:53.4,2,1.00E-07,4,48,12272,12337,rx,0.189610209
502,13:53.4,2,1.00E-07,4,48,12272,12337,sleep,0.19128451
503,13:53.4,2,1.00E-07,4,48,12272,12337,rx,0.189707409
504,14:43.8,2,1.00E-07,1,0,30564,19806,setup,8.62E-05
505,14:43.8,2,1.00E-07,1,0,30564,19806,rx,0.472329324
506,14:43.8,2,1.00E-07,1,0,30564,19806,sleep,0.306667015
507,14:43.8,2,1.00E-07,1,0,30564,19806,rx,0.472291724
508,14:43.8,2,1.00E-07,1,0,30564,19806,sleep,0.306716015
509,15:34.6,2,1.00E-07,1,9,2196,23998,setup,8.61E-05
510,15:34.6,2,1.00E-07,1,9,2196,23998,rx,0.033970102
511,15:34.6,2,1.00E-07,1,9,2196,23998,sleep,0.371525619
512,15:34.6,2,1.00E-07,1,9,2196,23998,rx,0.033967502
513,15:34.6,2,1.00E-07,1,9,2196,23998,sleep,0.371510619
514,15:34.6,2,1.00E-07,1,9,2196,23998,rx,0.033963202
515,15:34.6,2,1.00E-07,1,9,2196,23998,sleep,0.371555819
516,15:34.6,2,1.00E-07,1,9,2196,23998,rx,0.033975902
517,15:34.6,2,1.00E-07,1,9,2196,23998,sleep,0.371583719
518,15:34.6,2,1.00E-07,1,9,2196,23998,rx,0.033979902
519,16:26.2,2,1.00E-07,4,23,29403,10226,setup,8.63E-05
520,16:26.2,2,1.00E-07,4,23,29403,10226,rx,0.454361023
521,16:26.2,2,1.00E-07,4,23,29403,10226,sleep,0.158659008
522,16:26.2,2,1.00E-07,4,23,29403,10226,rx,0.454471223
523,16:26.2,2,1.00E-07,4,23,29403,10226,sleep,0.158712208
524,16:26.2,2,1.00E-07,4,23,29403,10226,rx,0.454623323
525,17:18.4,2,1.00E-07,2,16,9674,20236,setup,8.62E-05
526,17:18.4,2,1.00E-07,2,16,9674,20236,rx,0.149549607
527,17:18.4,2,1.00E-07,2,16,9674,20236,sleep,0.313392016
528,17:18.4,2,1.00E-07,2,16,9674,20236,rx,0.149544607
529,17:18.4,2,1.00E-07,2,16,9674,20236,sleep,0.313380716
530,17:18.4,2,1.00E-07,2,16,9674,20236,rx,0.149523207
531,17:18.4,2,1.00E-07,2,16,9674,20236,sleep,0.313348616
532,17:18.4,2,1.00E-07,2,16,9674,20236,rx,0.149518407
533,18:12.2,2,1.00E-07,6,23,24191,7530,setup,8.63E-05
534,18:12.2,2,1.00E-07,6,23,24191,7530,rx,0.373801119
535,18:12.2,2,1.00E-07,6,23,24191,7530,sleep,0.116987506
536,18:12.3,2,1.00E-07,6,23,24191,7530,rx,0.373784319
537,18:12.3,2,1.00E-07,6,23,24191,7530,sleep,0.116966006
538,18:12.3,2,1.00E-07,6,23,24191,7530,rx,0.373793419
539,18:12.3,2,1.00E-07,6,23,24191,7530,sleep,0.116977806
540,19:06.4,2,1.00E-07,0,47,26438,15663,setup,8.63E-05
541,19:06.4,2,1.00E-07,0,47,26438,15663,rx,0.40857182
542,19:06.4,2,1.00E-07,0,47,26438,15663,sleep,0.242690312
543,19:06.4,2,1.00E-07,0,47,26438,15663,rx,0.40857072
544,19:06.4,2,1.00E-07,0,47,26438,15663,sleep,0.242646512
545,19:06.4,2,1.00E-07,0,47,26438,15663,rx,0.40850982
546,20:00.2,2,1.00E-07,0,25,21007,12540,setup,8.62E-05
547,20:00.2,2,1.00E-07,0,25,21007,12540,rx,0.324600216
548,20:00.2,2,1.00E-07,0,25,21007,12540,sleep,0.19439121
549,20:00.2,2,1.00E-07,0,25,21007,12540,rx,0.324572016
550,20:00.2,2,1.00E-07,0,25,21007,12540,sleep,0.19436481
551,20:00.2,2,1.00E-07,0,25,21007,12540,rx,0.324559116
552,20:00.2,2,1.00E-07,0,25,21007,12540,sleep,0.19436071
553,20:56.5,2,1.00E-07,2,47,23568,31901,setup,8.62E-05
554,20:56.5,2,1.00E-07,2,47,23568,31901,rx,0.364235018
555,20:56.5,2,1.00E-07,2,47,23568,31901,sleep,0.493665825
556,20:56.5,2,1.00E-07,2,47,23568,31901,rx,0.364270418
557,20:56.5,2,1.00E-07,2,47,23568,31901,sleep,0.493578125
558,21:52.0,2,1.00E-07,7,34,27788,23658,setup,8.63E-05
559,21:52.0,2,1.00E-07,7,34,27788,23658,rx,0.429499321
560,21:52.0,2,1.00E-07,7,34,27788,23658,sleep,0.366334818
561,21:52.0,2,1.00E-07,7,34,27788,23658,rx,0.429637321
562,21:52.0,2,1.00E-07,7,34,27788,23658,sleep,0.366378218
563,22:44.3,2,1.00E-07,6,29,7562,26962,setup,8.63E-05
564,22:44.3,2,1.00E-07,6,29,7562,26962,rx,0.116891806
565,22:44.3,2,1.00E-07,6,29,7562,26962,sleep,0.417241321
566,22:44.3,2,1.00E-07,6,29,7562,26962,rx,0.116869606
567,22:44.3,2,1.00E-07,6,29,7562,26962,sleep,0.417247021
568,22:44.3,2,1.00E-07,6,29,7562,26962,rx,0.116882606
569,22:44.3,2,1.00E-07,6,29,7562,26962,sleep,0.417271521
570,22:44.3,2,1.00E-07,6,29,7562,26962,rx,0.116883406
571,23:35.6,2,1.00E-07,4,2,29500,19522,setup,8.63E-05
572,23:35.6,2,1.00E-07,4,2,29500,19522,rx,0.455978423
573,23:35.6,2,1.00E-07,4,2,29500,19522,sleep,0.302420915
574,23:35.6,2,1.00E-07,4,2,29500,19522,rx,0.455919823
575,23:35.6,2,1.00E-07,4,2,29500,19522,sleep,0.302342415
576,24:28.3,2,1.00E-07,2,10,29863,16588,setup,8.62E-05
577,24:28.3,2,1.00E-07,2,10,29863,16588,rx,0.461376723
578,24:28.3,2,1.00E-07,2,10,29863,16588,sleep,0.256909413
579,24:28.3,2,1.00E-07,2,10,29863,16588,rx,0.461376023
580,24:28.3,2,1.00E-07,2,10,29863,16588,sleep,0.256927813
581,25:21.3,2,1.00E-07,2,45,16810,31058,setup,8.63E-05
582,25:21.3,2,1.00E-07,2,45,16810,31058,rx,0.259773013
583,25:21.3,2,1.00E-07,2,45,16810,31058,sleep,0.480663724
584,25:21.3,2,1.00E-07,2,45,16810,31058,rx,0.259830513
585,25:21.3,2,1.00E-07,2,45,16810,31058,sleep,0.480685024
586,25:21.3,2,1.00E-07,2,45,16810,31058,rx,0.259880713
587,26:14.8,2,1.00E-07,0,27,11207,25992,setup,8.62E-05
588,26:14.8,2,1.00E-07,0,27,11207,25992,rx,0.173308909
589,26:14.8,2,1.00E-07,0,27,11207,25992,sleep,0.40247022
590,26:14.8,2,1.00E-07,0,27,11207,25992,rx,0.173300809
591,26:14.8,2,1.00E-07,0,27,11207,25992,sleep,0.40241352
592,26:14.8,2,1.00E-07,0,27,11207,25992,rx,0.173238509
593,26:14.8,2,1.00E-07,0,27,11207,25992,sleep,0.40245302
594,27:08.4,2,1.00E-07,2,33,18444,27748,setup,8.62E-05
595,27:08.4,2,1.00E-07,2,33,18444,27748,rx,0.285064614
596,27:08.4,2,1.00E-07,2,33,18444,27748,sleep,0.429453321
597,27:08.4,2,1.00E-07,2,33,18444,27748,rx,0.285089114
598,27:08.4,2,1.00E-07,2,33,18444,27748,sleep,0.429450321
599,27:08.4,2,1.00E-07,2,33,18444,27748,rx,0.285096414
600,28:00.7,2,1.00E-07,1,25,5119,8058,setup,8.62E-05
601,28:00.7,2,1.00E-07,1,25,5119,8058,rx,0.079161204
602,28:00.7,2,1.00E-07,1,25,5119,8058,sleep,0.125171806
603,28:00.7,2,1.00E-07,1,25,5119,8058,rx,0.079145004
604,28:00.7,2,1.00E-07,1,25,5119,8058,sleep,0.125161906
605,28:00.7,2,1.00E-07,1,25,5119,8058,rx,0.079141604
606,28:00.7,2,1.00E-07,1,25,5119,8058,sleep,0.125185306
607,28:00.7,2,1.00E-07,1,25,5119,8058,rx,0.079142404
608,28:00.7,2,1.00E-07,1,25,5119,8058,sleep,0.125161706
609,28:00.7,2,1.00E-07,1,25,5119,8058,rx,0.079135404
610,28:00.7,2,1.00E-07,1,25,5119,8058,sleep,0.125152506
611,28:00.7,2,1.00E-07,1,25,5119,8058,rx,0.079138504
612,28:00.7,2,1.00E-07,1,25,5119,8058,sleep,0.125162906
613,28:00.7,2,1.00E-07,1,25,5119,8058,rx,0.079138904
614,28:00.7,2,1.00E-07,1,25,5119,8058,sleep,0.125169906
615,28:00.7,2,1.00E-07,1,25,5119,8058,rx,0.079147904
616,28:00.7,2,1.00E-07,1,25,5119,8058,sleep,0.125170806
617,28:00.7,2,1.00E-07,1,25,5119,8058,rx,0.079138804
618,28:55.5,2,1.00E-07,6,22,21009,23804,setup,8.62E-05
619,28:55.5,2,1.00E-07,6,22,21009,23804,rx,0.324718916
620,28:55.5,2,1.00E-07,6,22,21009,23804,sleep,0.368521418
621,28:55.5,2,1.00E-07,6,22,21009,23804,rx,0.324681916
622,28:55.5,2,1.00E-07,6,22,21009,23804,sleep,0.368504718
623,28:55.5,2,1.00E-07,6,22,21009,23804,rx,0.324665116
624,29:45.9,2,1.00E-07,5,28,15441,3206,setup,8.62E-05
625,29:45.9,2,1.00E-07,5,28,15441,3206,rx,0.238731512
626,29:45.9,2,1.00E-07,5,28,15441,3206,sleep,0.050181903
627,29:45.9,2,1.00E-07,5,28,15441,3206,rx,0.238652812
628,29:45.9,2,1.00E-07,5,28,15441,3206,sleep,0.050179303
629,29:45.9,2,1.00E-07,5,28,15441,3206,rx,0.238659912
630,29:45.9,2,1.00E-07,5,28,15441,3206,sleep,0.050186303
631,29:45.9,2,1.00E-07,5,28,15441,3206,rx,0.238706712
632,29:45.9,2,1.00E-07,5,28,15441,3206,sleep,0.050187503
633,29:45.9,2,1.00E-07,5,28,15441,3206,rx,0.238667912
634,29:45.9,2,1.00E-07,5,28,15441,3206,sleep,0.050185103
635,29:45.9,2,1.00E-07,5,28,15441,3206,rx,0.238693112
636,29:45.9,2,1.00E-07,5,28,15441,3206,sleep,0.050175503
637,30:36.4,2,1.00E-07,7,51,27697,8656,setup,8.62E-05
638,30:36.4,2,1.00E-07,7,51,27697,8656,rx,0.428011521
639,30:36.4,2,1.00E-07,7,51,27697,8656,sleep,0.134401007
640,30:36.4,2,1.00E-07,7,51,27697,8656,rx,0.428002621
641,30:36.4,2,1.00E-07,7,51,27697,8656,sleep,0.134402507
642,30:36.4,2,1.00E-07,7,51,27697,8656,rx,0.428030321
643,30:36.4,2,1.00E-07,7,51,27697,8656,sleep,0.134406607
644,31:28.9,2,1.00E-07,2,28,29898,22969,setup,8.62E-05
645,31:28.9,2,1.00E-07,2,28,29898,22969,rx,0.462077623
646,31:28.9,2,1.00E-07,2,28,29898,22969,sleep,0.355595018
647,31:28.9,2,1.00E-07,2,28,29898,22969,rx,0.462081023
648,31:28.9,2,1.00E-07,2,28,29898,22969,sleep,0.355675218
649,32:22.1,2,1.00E-07,2,31,20565,19736,setup,8.62E-05
650,32:22.1,2,1.00E-07,2,31,20565,19736,rx,0.317823616
651,32:22.1,2,1.00E-07,2,31,20565,19736,sleep,0.305700115
652,32:22.1,2,1.00E-07,2,31,20565,19736,rx,0.317848716
653,32:22.1,2,1.00E-07,2,31,20565,19736,sleep,0.305620915
654,32:22.1,2,1.00E-07,2,31,20565,19736,rx,0.317863716
655,33:12.2,2,1.00E-07,4,48,25713,30237,setup,8.62E-05
656,33:12.2,2,1.00E-07,4,48,25713,30237,rx,0.39748642
657,33:12.2,2,1.00E-07,4,48,25713,30237,sleep,0.468029823
658,33:12.2,2,1.00E-07,4,48,25713,30237,rx,0.39756382
659,33:12.2,2,1.00E-07,4,48,25713,30237,sleep,0.468107323
660,34:03.7,2,1.00E-07,6,7,16766,5691,setup,8.62E-05
661,34:03.7,2,1.00E-07,6,7,16766,5691,rx,0.259133313
662,34:03.7,2,1.00E-07,6,7,16766,5691,sleep,0.088599704
663,34:03.7,2,1.00E-07,6,7,16766,5691,rx,0.259158713
664,34:03.7,2,1.00E-07,6,7,16766,5691,sleep,0.088628604
665,34:03.7,2,1.00E-07,6,7,16766,5691,rx,0.259156713
666,34:03.7,2,1.00E-07,6,7,16766,5691,sleep,0.088607504
667,34:03.7,2,1.00E-07,6,7,16766,5691,rx,0.259134613
668,34:03.7,2,1.00E-07,6,7,16766,5691,sleep,0.088599504
669,34:03.7,2,1.00E-07,6,7,16766,5691,rx,0.259195813
670,34:03.7,2,1.00E-07,6,7,16766,5691,sleep,0.088623504
671,34:56.1,2,1.00E-07,6,19,690,24848,setup,8.62E-05
672,34:56.1,2,1.00E-07,6,19,690,24848,rx,0.010696801
673,34:56.1,2,1.00E-07,6,19,690,24848,sleep,0.384876219
674,34:56.1,2,1.00E-07,6,19,690,24848,rx,0.010702801
675,34:56.1,2,1.00E-07,6,19,690,24848,sleep,0.384846219
676,34:56.2,2,1.00E-07,6,19,690,24848,rx,0.010694101
677,34:56.2,2,1.00E-07,6,19,690,24848,sleep,0.384608919
678,34:56.2,2,1.00E-07,6,19,690,24848,rx,0.010701101
679,34:56.2,2,1.00E-07,6,19,690,24848,sleep,0.384752619
680,34:56.2,2,1.00E-07,6,19,690,24848,rx,0.010695501
681,35:46.4,2,1.00E-07,7,10,30092,9661,setup,8.62E-05
682,35:46.4,2,1.00E-07,7,10,30092,9661,rx,0.465299023
683,35:46.4,2,1.00E-07,7,10,30092,9661,sleep,0.150019208
684,35:46.4,2,1.00E-07,7,10,30092,9661,rx,0.465311623
685,35:46.4,2,1.00E-07,7,10,30092,9661,sleep,0.150028008
686,35:46.4,2,1.00E-07,7,10,30092,9661,rx,0.465317323
687,36:38.7,2,1.00E-07,2,32,6708,25435,setup,8.63E-05
688,36:38.7,2,1.00E-07,2,32,6708,25435,rx,0.103711805
689,36:38.7,2,1.00E-07,2,32,6708,25435,sleep,0.39385462
690,36:38.7,2,1.00E-07,2,32,6708,25435,rx,0.103742605
691,36:38.7,2,1.00E-07,2,32,6708,25435,sleep,0.39381322
692,36:38.7,2,1.00E-07,2,32,6708,25435,rx,0.103741305
693,36:38.7,2,1.00E-07,2,32,6708,25435,sleep,0.39386852
694,36:38.7,2,1.00E-07,2,32,6708,25435,rx,0.103720105
695,37:31.2,2,1.00E-07,0,31,10320,29375,setup,8.62E-05
696,37:31.2,2,1.00E-07,0,31,10320,29375,rx,0.159560808
697,37:31.2,2,1.00E-07,0,31,10320,29375,sleep,0.454872223
698,37:31.2,2,1.00E-07,0,31,10320,29375,rx,0.159589808
699,37:31.2,2,1.00E-07,0,31,10320,29375,sleep,0.454783823
700,37:31.2,2,1.00E-07,0,31,10320,29375,rx,0.159576108
701,38:24.6,2,1.00E-07,7,22,5984,8139,setup,8.63E-05
702,38:24.6,2,1.00E-07,7,22,5984,8139,rx,0.092559005
703,38:24.6,2,1.00E-07,7,22,5984,8139,sleep,0.126521106
704,38:24.6,2,1.00E-07,7,22,5984,8139,rx,0.092562805
705,38:24.6,2,1.00E-07,7,22,5984,8139,sleep,0.126468406
706,38:24.6,2,1.00E-07,7,22,5984,8139,rx,0.092563805
707,38:24.6,2,1.00E-07,7,22,5984,8139,sleep,0.126473806
708,38:24.7,2,1.00E-07,7,22,5984,8139,rx,0.092557605
709,38:24.7,2,1.00E-07,7,22,5984,8139,sleep,0.126480206
710,38:24.7,2,1.00E-07,7,22,5984,8139,rx,0.092561505
711,38:24.7,2,1.00E-07,7,22,5984,8139,sleep,0.126526206
712,38:24.7,2,1.00E-07,7,22,5984,8139,rx,0.092579705
713,38:24.7,2,1.00E-07,7,22,5984,8139,sleep,0.126468806
714,38:24.7,2,1.00E-07,7,22,5984,8139,rx,0.092575905
715,38:24.7,2,1.00E-07,7,22,5984,8139,sleep,0.126489206
716,38:24.7,2,1.00E-07,7,22,5984,8139,rx,0.092573905
717,38:24.7,2,1.00E-07,7,22,5984,8139,sleep,0.126490306
718,39:19.0,2,1.00E-07,4,11,5653,16693,setup,8.62E-05
719,39:19.1,2,1.00E-07,4,11,5653,16693,rx,0.087402104
720,39:19.1,2,1.00E-07,4,11,5653,16693,sleep,0.258640713
721,39:19.1,2,1.00E-07,4,11,5653,16693,rx,0.087403404
722,39:19.1,2,1.00E-07,4,11,5653,16693,sleep,0.258629513
723,39:19.1,2,1.00E-07,4,11,5653,16693,rx,0.087391104
724,39:19.1,2,1.00E-07,4,11,5653,16693,sleep,0.258588613
725,39:19.1,2,1.00E-07,4,11,5653,16693,rx,0.087399904
726,39:19.1,2,1.00E-07,4,11,5653,16693,sleep,0.258640613
727,39:19.1,2,1.00E-07,4,11,5653,16693,rx,0.087386304
728,39:19.1,2,1.00E-07,4,11,5653,16693,sleep,0.258606813
729,40:09.6,2,1.00E-07,0,9,23743,23618,setup,8.63E-05
730,40:09.6,2,1.00E-07,0,9,23743,23618,rx,0.366998818
731,40:09.6,2,1.00E-07,0,9,23743,23618,sleep,0.365718518
732,40:09.6,2,1.00E-07,0,9,23743,23618,rx,0.366987618
733,40:09.6,2,1.00E-07,0,9,23743,23618,sleep,0.365618118
734,41:01.7,2,1.00E-07,3,31,21807,27256,setup,8.62E-05
735,41:01.8,2,1.00E-07,3,31,21807,27256,rx,0.337193917
736,41:01.8,2,1.00E-07,3,31,21807,27256,sleep,0.422069121
737,41:01.8,2,1.00E-07,3,31,21807,27256,rx,0.337154717
738,41:01.8,2,1.00E-07,3,31,21807,27256,sleep,0.421986921
739,41:54.0,2,1.00E-07,6,12,16218,31346,setup,8.61E-05
740,41:54.0,2,1.00E-07,6,12,16218,31346,rx,0.250708813
741,41:54.0,2,1.00E-07,6,12,16218,31346,sleep,0.485206424
742,41:54.0,2,1.00E-07,6,12,16218,31346,rx,0.250643813
743,41:54.0,2,1.00E-07,6,12,16218,31346,sleep,0.485081024
744,41:54.0,2,1.00E-07,6,12,16218,31346,rx,0.250664913
745,42:46.0,2,1.00E-07,7,43,17468,386,setup,8.63E-05
746,42:46.0,2,1.00E-07,7,43,17468,386,rx,0.269963313
747,42:46.0,2,1.00E-07,7,43,17468,386,sleep,0.0065996
748,42:46.0,2,1.00E-07,7,43,17468,386,rx,0.269967713
749,42:46.0,2,1.00E-07,7,43,17468,386,sleep,0.0065995
750,42:46.0,2,1.00E-07,7,43,17468,386,rx,0.269918413
751,42:46.0,2,1.00E-07,7,43,17468,386,sleep,0.0065981
752,42:46.0,2,1.00E-07,7,43,17468,386,rx,0.269956413
753,42:46.0,2,1.00E-07,7,43,17468,386,sleep,0.0066002
754,42:46.0,2,1.00E-07,7,43,17468,386,rx,0.269912113
755,42:46.0,2,1.00E-07,7,43,17468,386,sleep,0.0065977
756,42:46.0,2,1.00E-07,7,43,17468,386,rx,0.269910213
757,42:46.0,2,1.00E-07,7,43,17468,386,sleep,0.0065977
758,43:39.0,2,1.00E-07,1,5,16055,25965,setup,8.62E-05
759,43:39.0,2,1.00E-07,1,5,16055,25965,rx,0.248161012
760,43:39.0,2,1.00E-07,1,5,16055,25965,sleep,0.40195442
761,43:39.0,2,1.00E-07,1,5,16055,25965,rx,0.248123712
762,43:39.1,2,1.00E-07,1,5,16055,25965,sleep,0.40194542
763,43:39.1,2,1.00E-07,1,5,16055,25965,rx,0.248158012
764,44:32.4,2,1.00E-07,3,19,17830,20415,setup,8.62E-05
765,44:32.4,2,1.00E-07,3,19,17830,20415,rx,0.275627014
766,44:32.4,2,1.00E-07,3,19,17830,20415,sleep,0.316120916
767,44:32.4,2,1.00E-07,3,19,17830,20415,rx,0.275613814
768,44:32.4,2,1.00E-07,3,19,17830,20415,sleep,0.316125316
769,44:32.4,2,1.00E-07,3,19,17830,20415,rx,0.275549314
770,44:32.4,2,1.00E-07,3,19,17830,20415,sleep,0.316169016
771,45:25.5,2,1.00E-07,2,42,15390,29284,setup,8.62E-05
772,45:25.5,2,1.00E-07,2,42,15390,29284,rx,0.237908912
773,45:25.5,2,1.00E-07,2,42,15390,29284,sleep,0.453220923
774,45:25.5,2,1.00E-07,2,42,15390,29284,rx,0.237944612
775,45:25.5,2,1.00E-07,2,42,15390,29284,sleep,0.453330323
776,45:25.5,2,1.00E-07,2,42,15390,29284,rx,0.237871912
777,46:19.0,2,1.00E-07,6,49,9239,21606,setup,8.62E-05
778,46:19.0,2,1.00E-07,6,49,9239,21606,rx,0.142821807
779,46:19.0,2,1.00E-07,6,49,9239,21606,sleep,0.334619317
780,46:19.0,2,1.00E-07,6,49,9239,21606,rx,0.142861607
781,46:19.0,2,1.00E-07,6,49,9239,21606,sleep,0.334644517
782,46:19.0,2,1.00E-07,6,49,9239,21606,rx,0.142858707
783,46:19.0,2,1.00E-07,6,49,9239,21606,sleep,0.334625217
784,46:19.0,2,1.00E-07,6,49,9239,21606,rx,0.142859107
785,47:11.9,2,1.00E-07,5,49,17950,271,setup,8.62E-05
786,47:11.9,2,1.00E-07,5,49,17950,271,rx,0.277449114
787,47:11.9,2,1.00E-07,5,49,17950,271,sleep,0.0048231
788,47:11.9,2,1.00E-07,5,49,17950,271,rx,0.277421914
789,47:11.9,2,1.00E-07,5,49,17950,271,sleep,0.0048225
790,47:11.9,2,1.00E-07,5,49,17950,271,rx,0.277421014
791,47:11.9,2,1.00E-07,5,49,17950,271,sleep,0.0048235
792,47:11.9,2,1.00E-07,5,49,17950,271,rx,0.277496714
793,47:11.9,2,1.00E-07,5,49,17950,271,sleep,0.0048226
794,47:11.9,2,1.00E-07,5,49,17950,271,rx,0.277544414
795,47:11.9,2,1.00E-07,5,49,17950,271,sleep,0.004824
796,47:11.9,2,1.00E-07,5,49,17950,271,rx,0.277555714
797,47:11.9,2,1.00E-07,5,49,17950,271,sleep,0.0048246
798,48:05.4,2,1.00E-07,4,43,25657,1033,setup,8.62E-05
799,48:05.4,2,1.00E-07,4,43,25657,1033,rx,0.39646872
800,48:05.4,2,1.00E-07,4,43,25657,1033,sleep,0.016590901
801,48:05.4,2,1.00E-07,4,43,25657,1033,rx,0.39638192
802,48:05.4,2,1.00E-07,4,43,25657,1033,sleep,0.016591901
803,48:05.4,2,1.00E-07,4,43,25657,1033,rx,0.39632012
804,48:05.4,2,1.00E-07,4,43,25657,1033,sleep,0.016588801
805,48:05.4,2,1.00E-07,4,43,25657,1033,rx,0.39634792
806,48:05.4,2,1.00E-07,4,43,25657,1033,sleep,0.016594101
807,48:58.2,2,1.00E-07,3,19,4856,24818,setup,8.62E-05
808,48:58.2,2,1.00E-07,3,19,4856,24818,rx,0.075056204
809,48:58.2,2,1.00E-07,3,19,4856,24818,sleep,0.384158619
810,48:58.2,2,1.00E-07,3,19,4856,24818,rx,0.075071304
811,48:58.2,2,1.00E-07,3,19,4856,24818,sleep,0.384091719
812,48:58.2,2,1.00E-07,3,19,4856,24818,rx,0.075082004
813,48:58.2,2,1.00E-07,3,19,4856,24818,sleep,0.384165919
814,48:58.2,2,1.00E-07,3,19,4856,24818,rx,0.075077304
815,49:50.0,2,1.00E-07,0,7,3848,5341,setup,8.62E-05
816,49:50.0,2,1.00E-07,0,7,3848,5341,rx,0.059513403
817,49:50.0,2,1.00E-07,0,7,3848,5341,sleep,0.083212904
818,49:50.0,2,1.00E-07,0,7,3848,5341,rx,0.059504503
819,49:50.0,2,1.00E-07,0,7,3848,5341,sleep,0.083192004
820,49:50.0,2,1.00E-07,0,7,3848,5341,rx,0.059491603
821,49:50.0,2,1.00E-07,0,7,3848,5341,sleep,0.083172104
822,49:50.0,2,1.00E-07,0,7,3848,5341,rx,0.059512103
823,49:50.0,2,1.00E-07,0,7,3848,5341,sleep,0.083199504
824,49:50.0,2,1.00E-07,0,7,3848,5341,rx,0.059524203
825,49:50.0,2,1.00E-07,0,7,3848,5341,sleep,0.083206104
826,49:50.0,2,1.00E-07,0,7,3848,5341,rx,0.059514803
827,49:50.0,2,1.00E-07,0,7,3848,5341,sleep,0.083201604
828,49:50.0,2,1.00E-07,0,7,3848,5341,rx,0.059513803
829,49:50.0,2,1.00E-07,0,7,3848,5341,sleep,0.083204604
830,49:50.0,2,1.00E-07,0,7,3848,5341,rx,0.059515303
831,49:50.0,2,1.00E-07,0,7,3848,5341,sleep,0.083189304
832,49:50.0,2,1.00E-07,0,7,3848,5341,rx,0.059514003
833,49:50.0,2,1.00E-07,0,7,3848,5341,sleep,0.083192004
834,49:50.0,2,1.00E-07,0,7,3848,5341,rx,0.059496303
835,49:50.0,2,1.00E-07,0,7,3848,5341,sleep,0.083192704
836,49:50.1,2,1.00E-07,0,7,3848,5341,rx,0.059503703
837,49:50.1,2,1.00E-07,0,7,3848,5341,sleep,0.083195604
838,49:50.1,2,1.00E-07,0,7,3848,5341,rx,0.059502703
839,49:50.1,2,1.00E-07,0,7,3848,5341,sleep,0.083187204
840,49:50.1,2,1.00E-07,0,7,3848,5341,rx,0.059509703
841,50:42.8,2,1.00E-07,6,17,3202,31967,setup,8.63E-05
842,50:42.8,2,1.00E-07,6,17,3202,31967,rx,0.049503702
843,50:42.8,2,1.00E-07,6,17,3202,31967,sleep,0.494675525
844,50:42.8,2,1.00E-07,6,17,3202,31967,rx,0.049500902
845,50:42.8,2,1.00E-07,6,17,3202,31967,sleep,0.494653525
846,50:42.8,2,1.00E-07,6,17,3202,31967,rx,0.049500702
847,50:42.8,2,1.00E-07,6,17,3202,31967,sleep,0.494660425
848,50:42.8,2,1.00E-07,6,17,3202,31967,rx,0.049508602
849,51:33.8,2,1.00E-07,6,40,3886,24490,setup,8.63E-05
850,51:33.8,2,1.00E-07,6,40,3886,24490,rx,0.020735301
851,51:33.8,2,1.00E-07,6,40,3886,24490,sleep,1.56E-05
852,51:33.8,2,1.00E-07,6,40,3886,24490,rx,0.0038556
853,51:33.8,2,1.00E-07,6,40,3886,24490,sleep,1.09E-05
854,51:33.8,2,1.00E-07,6,40,3886,24490,rx,0.99432265
855,51:33.8,2,1.00E-07,6,40,3886,24490,sleep,1.09E-05
856,52:24.8,2,1.00E-07,5,25,20077,19320,setup,8.62E-05
857,52:24.8,2,1.00E-07,5,25,20077,19320,rx,0.310316516
858,52:24.8,2,1.00E-07,5,25,20077,19320,sleep,0.299247115
859,52:24.8,2,1.00E-07,5,25,20077,19320,rx,0.310301016
860,52:24.8,2,1.00E-07,5,25,20077,19320,sleep,0.299221915
861,52:24.8,2,1.00E-07,5,25,20077,19320,rx,0.310307016
862,53:16.6,2,1.00E-07,5,42,30684,4781,setup,8.62E-05
863,53:16.6,2,1.00E-07,5,42,30684,4781,rx,0.474485524
864,53:16.6,2,1.00E-07,5,42,30684,4781,sleep,0.074555604
865,53:16.6,2,1.00E-07,5,42,30684,4781,rx,0.474383624
866,53:16.6,2,1.00E-07,5,42,30684,4781,sleep,0.074534704
867,53:16.6,2,1.00E-07,5,42,30684,4781,rx,0.474341924
868,53:16.6,2,1.00E-07,5,42,30684,4781,sleep,0.074533404
869,54:09.0,2,1.00E-07,1,45,16370,26463,setup,8.62E-05
870,54:09.0,2,1.00E-07,1,45,16370,26463,rx,0.253082813
871,54:09.0,2,1.00E-07,1,45,16370,26463,sleep,0.40966622
872,54:09.0,2,1.00E-07,1,45,16370,26463,rx,0.253061813
873,54:09.0,2,1.00E-07,1,45,16370,26463,sleep,0.40978352
874,54:09.0,2,1.00E-07,1,45,16370,26463,rx,0.253059713
875,54:59.1,2,1.00E-07,0,32,27073,31085,setup,8.63E-05
876,54:59.1,2,1.00E-07,0,32,27073,31085,rx,0.418500221
877,54:59.1,2,1.00E-07,0,32,27073,31085,sleep,0.481163224
878,54:59.1,2,1.00E-07,0,32,27073,31085,rx,0.418536521
879,54:59.1,2,1.00E-07,0,32,27073,31085,sleep,0.481181124
880,55:52.8,2,1.00E-07,5,3,30773,3598,setup,8.62E-05
881,55:52.8,2,1.00E-07,5,3,30773,3598,rx,0.475566024
882,55:52.8,2,1.00E-07,5,3,30773,3598,sleep,0.056268403
883,55:52.8,2,1.00E-07,5,3,30773,3598,rx,0.475533824
884,55:52.8,2,1.00E-07,5,3,30773,3598,sleep,0.056242703
885,55:52.9,2,1.00E-07,5,3,30773,3598,rx,0.475504224
886,55:52.9,2,1.00E-07,5,3,30773,3598,sleep,0.056254803
887,56:46.2,2,1.00E-07,2,28,26375,30898,setup,8.62E-05
888,56:46.2,2,1.00E-07,2,28,26375,30898,rx,0.40766242
889,56:46.2,2,1.00E-07,2,28,26375,30898,sleep,0.478091224
890,56:46.2,2,1.00E-07,2,28,26375,30898,rx,0.40760162
891,56:46.2,2,1.00E-07,2,28,26375,30898,sleep,0.478150824
892,57:39.7,2,1.00E-07,5,25,19495,28193,setup,8.62E-05
893,57:39.7,2,1.00E-07,5,25,19495,28193,rx,0.301375915
894,57:39.7,2,1.00E-07,5,25,19495,28193,sleep,0.436463022
895,57:39.7,2,1.00E-07,5,25,19495,28193,rx,0.301345615
896,57:39.7,2,1.00E-07,5,25,19495,28193,sleep,0.436346922
897,57:39.7,2,1.00E-07,5,25,19495,28193,rx,0.301362615
898,58:31.7,2,1.00E-07,1,34,16279,27770,setup,8.62E-05
899,58:31.7,2,1.00E-07,1,34,16279,27770,rx,0.251573013
900,58:31.7,2,1.00E-07,1,34,16279,27770,sleep,0.429777321
901,58:31.7,2,1.00E-07,1,34,16279,27770,rx,0.251565713
902,58:31.7,2,1.00E-07,1,34,16279,27770,sleep,0.429880121
903,58:31.7,2,1.00E-07,1,34,16279,27770,rx,0.251638313
904,59:24.6,2,1.00E-07,6,41,25300,17069,setup,8.62E-05
905,59:24.6,2,1.00E-07,6,41,25300,17069,rx,0.39116822
906,59:24.6,2,1.00E-07,6,41,25300,17069,sleep,0.264472313
907,59:24.6,2,1.00E-07,6,41,25300,17069,rx,0.39119142
908,59:24.6,2,1.00E-07,6,41,25300,17069,sleep,0.264561913
909,59:24.6,2,1.00E-07,6,41,25300,17069,rx,0.39122862
910,00:15.9,2,1.00E-07,3,50,625,4920,setup,8.62E-05
911,00:15.9,2,1.00E-07,3,50,625,4920,rx,0.0096886
912,00:15.9,2,1.00E-07,3,50,625,4920,sleep,0.076681504
913,00:15.9,2,1.00E-07,3,50,625,4920,rx,0.0096951
914,00:15.9,2,1.00E-07,3,50,625,4920,sleep,0.076681404
915,00:15.9,2,1.00E-07,3,50,625,4920,rx,0.00969
916,00:15.9,2,1.00E-07,3,50,625,4920,sleep,0.076675404
917,00:15.9,2,1.00E-07,3,50,625,4920,rx,0.0096886
918,00:15.9,2,1.00E-07,3,50,625,4920,sleep,0.076674204
919,00:15.9,2,1.00E-07,3,50,625,4920,rx,0.0096934
920,00:15.9,2,1.00E-07,3,50,625,4920,sleep,0.076676504
921,00:15.9,2,1.00E-07,3,50,625,4920,rx,0.0096892
922,00:15.9,2,1.00E-07,3,50,625,4920,sleep,0.076663104
923,00:15.9,2,1.00E-07,3,50,625,4920,rx,0.0096879
924,00:15.9,2,1.00E-07,3,50,625,4920,sleep,0.076674004
925,00:15.9,2,1.00E-07,3,50,625,4920,rx,0.0096912
926,00:15.9,2,1.00E-07,3,50,625,4920,sleep,0.076669204
927,00:15.9,2,1.00E-07,3,50,625,4920,rx,0.0096915
928,00:15.9,2,1.00E-07,3,50,625,4920,sleep,0.076673304
929,00:15.9,2,1.00E-07,3,50,625,4920,rx,0.0096911
930,00:16.0,2,1.00E-07,3,50,625,4920,sleep,0.076694004
931,00:16.0,2,1.00E-07,3,50,625,4920,rx,0.009695
932,00:16.0,2,1.00E-07,3,50,625,4920,sleep,0.076696104
933,00:16.0,2,1.00E-07,3,50,625,4920,rx,0.0096927
934,00:16.0,2,1.00E-07,3,50,625,4920,sleep,0.076679604
935,00:16.0,2,1.00E-07,3,50,625,4920,rx,0.009694
936,00:16.0,2,1.00E-07,3,50,625,4920,sleep,0.076693804
937,00:16.0,2,1.00E-07,3,50,625,4920,rx,0.0096941
938,00:16.0,2,1.00E-07,3,50,625,4920,sleep,0.076681604
939,00:16.0,2,1.00E-07,3,50,625,4920,rx,0.009693
940,00:16.0,2,1.00E-07,3,50,625,4920,sleep,0.076682504
941,00:16.0,2,1.00E-07,3,50,625,4920,rx,0.0096934
942,00:16.0,2,1.00E-07,3,50,625,4920,sleep,0.076690304
943,00:16.0,2,1.00E-07,3,50,625,4920,rx,0.0096934
944,00:16.0,2,1.00E-07,3,50,625,4920,sleep,0.076682404
945,00:16.0,2,1.00E-07,3,50,625,4920,rx,0.0096939
946,00:16.0,2,1.00E-07,3,50,625,4920,sleep,0.076676904
947,00:16.0,2,1.00E-07,3,50,625,4920,rx,0.0096913
948,00:16.0,2,1.00E-07,3,50,625,4920,sleep,0.076678704
949,00:16.0,2,1.00E-07,3,50,625,4920,rx,0.0096907
950,00:16.0,2,1.00E-07,3,50,625,4920,sleep,0.076685204
951,00:16.0,2,1.00E-07,3,50,625,4920,rx,0.0096914
952,01:09.8,2,1.00E-07,7,24,987,23163,setup,8.63E-05
953,01:09.8,2,1.00E-07,7,24,987,23163,rx,0.015290001
954,01:09.8,2,1.00E-07,7,24,987,23163,sleep,0.358683618
955,01:09.8,2,1.00E-07,7,24,987,23163,rx,0.015294001
956,01:09.8,2,1.00E-07,7,24,987,23163,sleep,0.358609818
957,01:09.8,2,1.00E-07,7,24,987,23163,rx,0.015277501
958,01:09.8,2,1.00E-07,7,24,987,23163,sleep,0.358469618
959,01:09.8,2,1.00E-07,7,24,987,23163,rx,0.015273101
960,01:09.8,2,1.00E-07,7,24,987,23163,sleep,0.358594218
961,01:09.8,2,1.00E-07,7,24,987,23163,rx,0.015285601
962,02:02.7,2,1.00E-07,3,34,17940,4508,setup,8.62E-05
963,02:02.7,2,1.00E-07,3,34,17940,4508,rx,0.277333914
964,02:02.7,2,1.00E-07,3,34,17940,4508,sleep,0.070325304
965,02:02.7,2,1.00E-07,3,34,17940,4508,rx,0.277354714
966,02:02.7,2,1.00E-07,3,34,17940,4508,sleep,0.070319704
967,02:02.7,2,1.00E-07,3,34,17940,4508,rx,0.277369914
968,02:02.7,2,1.00E-07,3,34,17940,4508,sleep,0.070314504
969,02:02.7,2,1.00E-07,3,34,17940,4508,rx,0.277335714
970,02:02.7,2,1.00E-07,3,34,17940,4508,sleep,0.070298204
971,02:02.7,2,1.00E-07,3,34,17940,4508,rx,0.277316914
972,02:02.7,2,1.00E-07,3,34,17940,4508,sleep,0.070313004
973,02:55.6,2,1.00E-07,7,1,29505,25018,setup,8.62E-05
974,02:55.6,2,1.00E-07,7,1,29505,25018,rx,0.456085323
975,02:55.6,2,1.00E-07,7,1,29505,25018,sleep,0.387385119
976,02:55.6,2,1.00E-07,7,1,29505,25018,rx,0.456063423
977,02:55.6,2,1.00E-07,7,1,29505,25018,sleep,0.387358919
978,03:49.7,2,1.00E-07,6,2,2973,1242,setup,8.62E-05
979,03:49.7,2,1.00E-07,6,2,2973,1242,rx,0.045991502
980,03:49.7,2,1.00E-07,6,2,2973,1242,sleep,0.019848401
981,03:49.7,2,1.00E-07,6,2,2973,1242,rx,0.045989902
982,03:49.8,2,1.00E-07,6,2,2973,1242,sleep,0.019844201
983,03:49.8,2,1.00E-07,6,2,2973,1242,rx,0.045984202
984,03:49.8,2,1.00E-07,6,2,2973,1242,sleep,0.019853901
985,03:49.8,2,1.00E-07,6,2,2973,1242,rx,0.045992002
986,03:49.8,2,1.00E-07,6,2,2973,1242,sleep,0.019854901
987,03:49.8,2,1.00E-07,6,2,2973,1242,rx,0.045986302
988,03:49.8,2,1.00E-07,6,2,2973,1242,sleep,0.019846201
989,03:49.8,2,1.00E-07,6,2,2973,1242,rx,0.045985502
990,03:49.8,2,1.00E-07,6,2,2973,1242,sleep,0.019851201
991,03:49.8,2,1.00E-07,6,2,2973,1242,rx,0.045988802
992,03:49.8,2,1.00E-07,6,2,2973,1242,sleep,0.019853301
993,03:49.8,2,1.00E-07,6,2,2973,1242,rx,0.045986502
994,03:49.8,2,1.00E-07,6,2,2973,1242,sleep,0.019849701
995,03:49.8,2,1.00E-07,6,2,2973,1242,rx,0.045987902
996,03:49.8,2,1.00E-07,6,2,2973,1242,sleep,0.019849801
997,03:49.8,2,1.00E-07,6,2,2973,1242,rx,0.045982702
998,03:49.8,2,1.00E-07,6,2,2973,1242,sleep,0.019855801
999,03:49.8,2,1.00E-07,6,2,2973,1242,rx,0.045972602
1000,03:49.8,2,1.00E-07,6,2,2973,1242,sleep,0.019848601
1001,03:49.8,2,1.00E-07,6,2,2973,1242,rx,0.045990002
1002,03:49.8,2,1.00E-07,6,2,2973,1242,sleep,0.019854001
1003,03:49.8,2,1.00E-07,6,2,2973,1242,rx,0.045980202
1004,03:49.8,2,1.00E-07,6,2,2973,1242,sleep,0.019850601
1005,03:49.8,2,1.00E-07,6,2,2973,1242,rx,0.045995902
1006,03:49.8,2,1.00E-07,6,2,2973,1242,sleep,0.019849801
1007,03:49.8,2,1.00E-07,6,2,2973,1242,rx,0.045986202
1008,03:49.8,2,1.00E-07,6,2,2973,1242,sleep,0.019847301
1009,03:49.8,2,1.00E-07,6,2,2973,1242,rx,0.045979402
1010,03:49.8,2,1.00E-07,6,2,2973,1242,sleep,0.019853701
1011,03:49.8,2,1.00E-07,6,2,2973,1242,rx,0.045990102
1012,03:49.8,2,1.00E-07,6,2,2973,1242,sleep,0.019850901
1013,03:49.8,2,1.00E-07,6,2,2973,1242,rx,0.045990102
1014,03:49.8,2,1.00E-07,6,2,2973,1242,sleep,0.019856001
1015,03:49.8,2,1.00E-07,6,2,2973,1242,rx,0.045983802
1016,03:49.8,2,1.00E-07,6,2,2973,1242,sleep,0.019851901
1017,03:49.8,2,1.00E-07,6,2,2973,1242,rx,0.045976002
1018,03:49.8,2,1.00E-07,6,2,2973,1242,sleep,0.019849801
1019,03:49.9,2,1.00E-07,6,2,2973,1242,rx,0.045984302
1020,03:49.9,2,1.00E-07,6,2,2973,1242,sleep,0.019853401
1021,03:49.9,2,1.00E-07,6,2,2973,1242,rx,0.045982902
1022,03:49.9,2,1.00E-07,6,2,2973,1242,sleep,0.019852701
1023,03:49.9,2,1.00E-07,6,2,2973,1242,rx,0.045980202
1024,03:49.9,2,1.00E-07,6,2,2973,1242,sleep,0.019848201
1025,03:49.9,2,1.00E-07,6,2,2973,1242,rx,0.045987302
1026,03:49.9,2,1.00E-07,6,2,2973,1242,sleep,0.019849801
1027,03:49.9,2,1.00E-07,6,2,2973,1242,rx,0.045986002
1028,03:49.9,2,1.00E-07,6,2,2973,1242,sleep,0.019850101
1029,03:49.9,2,1.00E-07,6,2,2973,1242,rx,0.045988302
1030,03:49.9,2,1.00E-07,6,2,2973,1242,sleep,0.019851501
1031,03:49.9,2,1.00E-07,6,2,2973,1242,rx,0.045981602
1032,03:49.9,2,1.00E-07,6,2,2973,1242,sleep,0.019851101
1033,04:42.2,2,1.00E-07,1,42,20852,20832,setup,8.61E-05
1034,04:42.2,2,1.00E-07,1,42,20852,20832,rx,0.322307416
1035,04:42.2,2,1.00E-07,1,42,20852,20832,sleep,0.322573316
1036,04:42.2,2,1.00E-07,1,42,20852,20832,rx,0.322266916
1037,04:42.3,2,1.00E-07,1,42,20852,20832,sleep,0.322586416
1038,04:42.3,2,1.00E-07,1,42,20852,20832,rx,0.322302016
1039,05:34.8,2,1.00E-07,1,18,22296,20006,setup,8.62E-05
1040,05:34.8,2,1.00E-07,1,18,22296,20006,rx,0.344712117
1041,05:34.8,2,1.00E-07,1,18,22296,20006,sleep,0.309837815
1042,05:34.8,2,1.00E-07,1,18,22296,20006,rx,0.344638017
1043,05:34.8,2,1.00E-07,1,18,22296,20006,sleep,0.309857415
1044,05:34.8,2,1.00E-07,1,18,22296,20006,rx,0.344633617
1045,06:26.7,2,1.00E-07,5,28,542,31748,setup,8.62E-05
1046,06:26.7,2,1.00E-07,5,28,542,31748,rx,0.0084147
1047,06:26.7,2,1.00E-07,5,28,542,31748,sleep,0.491474325
1048,06:26.7,2,1.00E-07,5,28,542,31748,rx,0.0084084
1049,06:26.7,2,1.00E-07,5,28,542,31748,sleep,0.491490525
1050,06:26.7,2,1.00E-07,5,28,542,31748,rx,0.0084096
1051,06:26.7,2,1.00E-07,5,28,542,31748,sleep,0.491473025
1052,06:26.7,2,1.00E-07,5,28,542,31748,rx,0.008409
1053,07:19.3,2,1.00E-07,0,35,21273,1410,setup,8.63E-05
1054,07:19.3,2,1.00E-07,0,35,21273,1410,rx,0.328815916
1055,07:19.3,2,1.00E-07,0,35,21273,1410,sleep,0.022421201
1056,07:19.3,2,1.00E-07,0,35,21273,1410,rx,0.328739716
1057,07:19.3,2,1.00E-07,0,35,21273,1410,sleep,0.022410401
1058,07:19.3,2,1.00E-07,0,35,21273,1410,rx,0.328725116
1059,07:19.3,2,1.00E-07,0,35,21273,1410,sleep,0.022417701
1060,07:19.3,2,1.00E-07,0,35,21273,1410,rx,0.328721216
1061,07:19.3,2,1.00E-07,0,35,21273,1410,sleep,0.022426201
1062,07:19.3,2,1.00E-07,0,35,21273,1410,rx,0.328773016
1063,07:19.4,2,1.00E-07,0,35,21273,1410,sleep,0.022424301
1064,08:11.1,2,1.00E-07,3,45,29100,19097,setup,8.63E-05
1065,08:11.1,2,1.00E-07,3,45,29100,19097,rx,0.449768422
1066,08:11.1,2,1.00E-07,3,45,29100,19097,sleep,0.295789215
1067,08:11.1,2,1.00E-07,3,45,29100,19097,rx,0.449769122
1068,08:11.1,2,1.00E-07,3,45,29100,19097,sleep,0.295809315
1069,09:04.1,2,1.00E-07,7,19,22066,5345,setup,8.62E-05
1070,09:04.2,2,1.00E-07,7,19,22066,5345,rx,0.341124617
1071,09:04.2,2,1.00E-07,7,19,22066,5345,sleep,0.083242604
1072,09:04.2,2,1.00E-07,7,19,22066,5345,rx,0.341080617
1073,09:04.2,2,1.00E-07,7,19,22066,5345,sleep,0.083243504
1074,09:04.2,2,1.00E-07,7,19,22066,5345,rx,0.341014417
1075,09:04.2,2,1.00E-07,7,19,22066,5345,sleep,0.083254604
1076,09:04.2,2,1.00E-07,7,19,22066,5345,rx,0.341035417
1077,09:04.2,2,1.00E-07,7,19,22066,5345,sleep,0.083238304
1078,09:55.4,2,1.00E-07,1,2,12522,24408,setup,8.62E-05
1079,09:55.4,2,1.00E-07,1,2,12522,24408,rx,0.19355111
1080,09:55.4,2,1.00E-07,1,2,12522,24408,sleep,0.377885619
1081,09:55.4,2,1.00E-07,1,2,12522,24408,rx,0.19356051
1082,09:55.4,2,1.00E-07,1,2,12522,24408,sleep,0.377892319
1083,09:55.4,2,1.00E-07,1,2,12522,24408,rx,0.19360861
1084,09:55.4,2,1.00E-07,1,2,12522,24408,sleep,0.377959119
1085,10:50.6,2,1.00E-07,1,20,27451,6702,setup,8.62E-05
1086,10:50.6,2,1.00E-07,1,20,27451,6702,rx,0.424292921
1087,10:50.6,2,1.00E-07,1,20,27451,6702,sleep,0.104209205
1088,10:50.6,2,1.00E-07,1,20,27451,6702,rx,0.424374121
1089,10:50.6,2,1.00E-07,1,20,27451,6702,sleep,0.104217805
1090,10:50.6,2,1.00E-07,1,20,27451,6702,rx,0.424358321
1091,10:50.6,2,1.00E-07,1,20,27451,6702,sleep,0.104214105
