sample,time,window,precision,modulation,band,measured
0,2018-06-14 08:55:55.390429,0.0002,2.0000200002000022e-09,2,37,6.725267252672528e-05
1,2018-06-14 08:55:56.242006,0.0002,2.0000200002000022e-09,5,48,6.737667376673767e-05
2,2018-06-14 08:55:57.106374,0.0002,2.0000200002000022e-09,9,36,6.731467314673147e-05
3,2018-06-14 08:55:57.934778,0.0002,2.0000200002000022e-09,2,47,6.737667376673767e-05
4,2018-06-14 08:55:58.765466,0.0002,2.0000200002000022e-09,7,35,6.785667856678567e-05
5,2018-06-14 08:55:59.672358,0.0002,2.0000200002000022e-09,5,51,6.735667356673567e-05
6,2018-06-14 08:56:00.584289,0.0002,2.0000200002000022e-09,6,40,7.812678126781268e-05
7,2018-06-14 08:56:01.506182,0.0002,2.0000200002000022e-09,0,47,6.727267272672727e-05
8,2018-06-14 08:56:02.338042,0.0002,2.0000200002000022e-09,3,50,6.756467564675647e-05
9,2018-06-14 08:56:03.206213,0.0002,2.0000200002000022e-09,1,17,6.721067210672107e-05
10,2018-06-14 08:56:04.113747,0.0002,2.0000200002000022e-09,3,36,7.812878128781288e-05
11,2018-06-14 08:56:04.954896,0.0002,2.0000200002000022e-09,3,2,6.721067210672107e-05
12,2018-06-14 08:56:05.913670,0.0002,2.0000200002000022e-09,8,8,7.812678126781268e-05
13,2018-06-14 08:56:06.816645,0.0002,2.0000200002000022e-09,2,32,6.735667356673567e-05
14,2018-06-14 08:56:07.760645,0.0002,2.0000200002000022e-09,0,15,6.731467314673147e-05
15,2018-06-14 08:56:08.705648,0.0002,2.0000200002000022e-09,0,10,6.731467314673147e-05
16,2018-06-14 08:56:09.569766,0.0002,2.0000200002000022e-09,2,35,6.737667376673767e-05
17,2018-06-14 08:56:10.514423,0.0002,2.0000200002000022e-09,7,51,6.987669876698768e-05
18,2018-06-14 08:56:11.427932,0.0002,2.0000200002000022e-09,0,23,6.721067210672107e-05
19,2018-06-14 08:56:12.341106,0.0002,2.0000200002000022e-09,2,39,6.725267252672528e-05
20,2018-06-14 08:56:13.223777,0.0002,2.0000200002000022e-09,6,11,7.812678126781268e-05
21,2018-06-14 08:56:14.057811,0.0002,2.0000200002000022e-09,1,51,7.812678126781268e-05
22,2018-06-14 08:56:14.929471,0.0002,2.0000200002000022e-09,9,17,6.727267272672727e-05
23,2018-06-14 08:56:15.812608,0.0002,2.0000200002000022e-09,6,48,6.733467334673348e-05
24,2018-06-14 08:56:16.692281,0.0002,2.0000200002000022e-09,9,50,7.810478104781049e-05
25,2018-06-14 08:56:17.513956,0.0002,2.0000200002000022e-09,1,30,6.721067210672107e-05
26,2018-06-14 08:56:18.414961,0.0002,2.0000200002000022e-09,1,18,6.721067210672107e-05
27,2018-06-14 08:56:19.322197,0.0002,2.0000200002000022e-09,9,33,6.727267272672727e-05
28,2018-06-14 08:56:20.194295,0.0002,2.0000200002000022e-09,8,30,6.720867208672087e-05
29,2018-06-14 08:56:21.029480,0.0002,2.0000200002000022e-09,5,11,6.731467314673147e-05
30,2018-06-14 08:56:21.908987,0.0002,2.0000200002000022e-09,8,39,6.727467274672747e-05
31,2018-06-14 08:56:22.758267,0.0002,2.0000200002000022e-09,4,29,6.733667336673368e-05
32,2018-06-14 08:56:23.590528,0.0002,2.0000200002000022e-09,6,21,6.721067210672107e-05
33,2018-06-14 08:56:24.417770,0.0002,2.0000200002000022e-09,2,3,6.725267252672528e-05
34,2018-06-14 08:56:25.248269,0.0002,2.0000200002000022e-09,8,13,6.731467314673147e-05
35,2018-06-14 08:56:26.130662,0.0002,2.0000200002000022e-09,7,6,6.727267272672727e-05
36,2018-06-14 08:56:27.014775,0.0002,2.0000200002000022e-09,4,48,6.733667336673368e-05
37,2018-06-14 08:56:27.877903,0.0002,2.0000200002000022e-09,8,38,6.721067210672107e-05
38,2018-06-14 08:56:28.793245,0.0002,2.0000200002000022e-09,1,32,7.812678126781268e-05
39,2018-06-14 08:56:29.704844,0.0002,2.0000200002000022e-09,2,17,6.731467314673147e-05
40,2018-06-14 08:56:30.579338,0.0002,2.0000200002000022e-09,8,5,6.720867208672087e-05
41,2018-06-14 08:56:31.415204,0.0002,2.0000200002000022e-09,4,13,6.721067210672107e-05
42,2018-06-14 08:56:32.333310,0.0002,2.0000200002000022e-09,6,1,6.733467334673348e-05
43,2018-06-14 08:56:33.177571,0.0002,2.0000200002000022e-09,9,30,6.733667336673368e-05
44,2018-06-14 08:56:34.062895,0.0002,2.0000200002000022e-09,0,13,6.731467314673147e-05
45,2018-06-14 08:56:34.911613,0.0002,2.0000200002000022e-09,6,12,6.758467584675848e-05
46,2018-06-14 08:56:35.796187,0.0002,2.0000200002000022e-09,7,32,6.733467334673348e-05
47,2018-06-14 08:56:36.626411,0.0002,2.0000200002000022e-09,6,11,7.812678126781268e-05
48,2018-06-14 08:56:37.506533,0.0002,2.0000200002000022e-09,2,40,6.760667606676067e-05
49,2018-06-14 08:56:38.345984,0.0002,2.0000200002000022e-09,0,34,6.733667336673368e-05
50,2018-06-14 08:56:39.182262,0.0002,2.0000200002000022e-09,3,7,6.758667586675868e-05
51,2018-06-14 08:56:40.015699,0.0002,2.0000200002000022e-09,6,4,6.721067210672107e-05
52,2018-06-14 08:56:40.843092,0.0002,2.0000200002000022e-09,7,10,6.727467274672747e-05
53,2018-06-14 08:56:41.721589,0.0002,2.0000200002000022e-09,0,18,7.812878128781288e-05
54,2018-06-14 08:56:42.642028,0.0002,2.0000200002000022e-09,5,31,6.731467314673147e-05
55,2018-06-14 08:56:43.521547,0.0002,2.0000200002000022e-09,7,33,6.758467584675848e-05
56,2018-06-14 08:56:44.360093,0.0002,2.0000200002000022e-09,1,7,6.721067210672107e-05
57,2018-06-14 08:56:45.250210,0.0002,2.0000200002000022e-09,6,50,6.731667316673167e-05
58,2018-06-14 08:56:46.087285,0.0002,2.0000200002000022e-09,8,29,6.731267312673127e-05
59,2018-06-14 08:56:46.963717,0.0002,2.0000200002000022e-09,8,21,6.720867208672087e-05
60,2018-06-14 08:56:47.814194,0.0002,2.0000200002000022e-09,1,15,6.720867208672087e-05
61,2018-06-14 08:56:48.733388,0.0002,2.0000200002000022e-09,1,48,6.733467334673348e-05
62,2018-06-14 08:56:49.657690,0.0002,2.0000200002000022e-09,7,38,6.731467314673147e-05
63,2018-06-14 08:56:50.535629,0.0002,2.0000200002000022e-09,6,33,6.720867208672087e-05
64,2018-06-14 08:56:51.412203,0.0002,2.0000200002000022e-09,2,32,6.725267252672528e-05
65,2018-06-14 08:56:52.257678,0.0002,2.0000200002000022e-09,4,28,6.721067210672107e-05
66,2018-06-14 08:56:53.143126,0.0002,2.0000200002000022e-09,1,4,6.721067210672107e-05
67,2018-06-14 08:56:53.980264,0.0002,2.0000200002000022e-09,5,22,7.81687816878169e-05
68,2018-06-14 08:56:54.822883,0.0002,2.0000200002000022e-09,4,6,6.721067210672107e-05
69,2018-06-14 08:56:55.695665,0.0002,2.0000200002000022e-09,2,38,6.791867918679187e-05
70,2018-06-14 08:56:56.541845,0.0002,2.0000200002000022e-09,0,20,7.812678126781268e-05
71,2018-06-14 08:56:57.385951,0.0002,2.0000200002000022e-09,5,6,6.737667376673767e-05
72,2018-06-14 08:56:58.225525,0.0002,2.0000200002000022e-09,8,13,6.720867208672087e-05
73,2018-06-14 08:56:59.064594,0.0002,2.0000200002000022e-09,1,11,6.721067210672107e-05
74,2018-06-14 08:56:59.946795,0.0002,2.0000200002000022e-09,6,40,6.721067210672107e-05
75,2018-06-14 08:57:00.788849,0.0002,2.0000200002000022e-09,3,38,6.720867208672087e-05
76,2018-06-14 08:57:01.632753,0.0002,2.0000200002000022e-09,4,12,6.721067210672107e-05
77,2018-06-14 08:57:02.475754,0.0002,2.0000200002000022e-09,7,20,6.721067210672107e-05
78,2018-06-14 08:57:03.357544,0.0002,2.0000200002000022e-09,7,3,6.721067210672107e-05
79,2018-06-14 08:57:04.247837,0.0002,2.0000200002000022e-09,0,33,6.731467314673147e-05
80,2018-06-14 08:57:05.093851,0.0002,2.0000200002000022e-09,7,39,6.758467584675848e-05
81,2018-06-14 08:57:06.017706,0.0002,2.0000200002000022e-09,5,25,6.725267252672528e-05
82,2018-06-14 08:57:06.904618,0.0002,2.0000200002000022e-09,0,38,6.721067210672107e-05
83,2018-06-14 08:57:07.789873,0.0002,2.0000200002000022e-09,6,1,6.721067210672107e-05
84,2018-06-14 08:57:08.665605,0.0002,2.0000200002000022e-09,4,22,6.733467334673348e-05
85,2018-06-14 08:57:09.507718,0.0002,2.0000200002000022e-09,8,30,6.727267272672727e-05
86,2018-06-14 08:57:10.384615,0.0002,2.0000200002000022e-09,1,18,6.733467334673348e-05
87,2018-06-14 08:57:11.306337,0.0002,2.0000200002000022e-09,2,34,6.725267252672528e-05
88,2018-06-14 08:57:12.255647,0.0002,2.0000200002000022e-09,0,14,6.756467564675647e-05
89,2018-06-14 08:57:13.097727,0.0002,2.0000200002000022e-09,2,27,6.731467314673147e-05
90,2018-06-14 08:57:13.930473,0.0002,2.0000200002000022e-09,0,34,6.720867208672087e-05
91,2018-06-14 08:57:14.783148,0.0002,2.0000200002000022e-09,8,32,6.721067210672107e-05
92,2018-06-14 08:57:15.669974,0.0002,2.0000200002000022e-09,8,26,6.727267272672727e-05
93,2018-06-14 08:57:16.539784,0.0002,2.0000200002000022e-09,7,20,6.733667336673368e-05
94,2018-06-14 08:57:17.499370,0.0002,2.0000200002000022e-09,5,4,6.791867918679187e-05
95,2018-06-14 08:57:18.336049,0.0002,2.0000200002000022e-09,5,19,6.731467314673147e-05
96,2018-06-14 08:57:19.172141,0.0002,2.0000200002000022e-09,3,36,6.993869938699388e-05
97,2018-06-14 08:57:20.011572,0.0002,2.0000200002000022e-09,8,20,7.812678126781268e-05
98,2018-06-14 08:57:20.883999,0.0002,2.0000200002000022e-09,2,41,7.81687816878169e-05
99,2018-06-14 08:57:21.725252,0.0002,2.0000200002000022e-09,3,36,6.721067210672107e-05
100,2018-06-14 08:57:22.605077,0.0002,2.0000200002000022e-09,8,44,6.721067210672107e-05
101,2018-06-14 08:57:23.485245,0.0002,2.0000200002000022e-09,5,12,6.725267252672528e-05
102,2018-06-14 08:57:24.322162,0.0002,2.0000200002000022e-09,9,39,6.987669876698768e-05
103,2018-06-14 08:57:25.162929,0.0002,2.0000200002000022e-09,8,50,6.727467274672747e-05
104,2018-06-14 08:57:26.012287,0.0002,2.0000200002000022e-09,4,14,6.721067210672107e-05
105,2018-06-14 08:57:26.859319,0.0002,2.0000200002000022e-09,1,9,6.731467314673147e-05
106,2018-06-14 08:57:27.775054,0.0002,2.0000200002000022e-09,0,35,6.733467334673348e-05
107,2018-06-14 08:57:28.613021,0.0002,2.0000200002000022e-09,1,3,6.758467584675848e-05
108,2018-06-14 08:57:29.464893,0.0002,2.0000200002000022e-09,5,16,6.760667606676067e-05
109,2018-06-14 08:57:30.299114,0.0002,2.0000200002000022e-09,0,13,6.731467314673147e-05
110,2018-06-14 08:57:31.213263,0.0002,2.0000200002000022e-09,3,23,6.731467314673147e-05
111,2018-06-14 08:57:32.096391,0.0002,2.0000200002000022e-09,0,28,6.756267562675627e-05
112,2018-06-14 08:57:32.942726,0.0002,2.0000200002000022e-09,1,9,6.758667586675868e-05
113,2018-06-14 08:57:33.858046,0.0002,2.0000200002000022e-09,0,13,6.733467334673348e-05
114,2018-06-14 08:57:34.742912,0.0002,2.0000200002000022e-09,1,8,6.987669876698768e-05
115,2018-06-14 08:57:35.623860,0.0002,2.0000200002000022e-09,8,11,6.721067210672107e-05
116,2018-06-14 08:57:36.461587,0.0002,2.0000200002000022e-09,3,16,6.994069940699408e-05
117,2018-06-14 08:57:37.305176,0.0002,2.0000200002000022e-09,5,47,6.731267312673127e-05
118,2018-06-14 08:57:38.181527,0.0002,2.0000200002000022e-09,4,21,6.720867208672087e-05
119,2018-06-14 08:57:39.058561,0.0002,2.0000200002000022e-09,3,20,6.733467334673348e-05
120,2018-06-14 08:57:39.948691,0.0002,2.0000200002000022e-09,0,22,6.720867208672087e-05
121,2018-06-14 08:57:40.791193,0.0002,2.0000200002000022e-09,0,49,6.721067210672107e-05
122,2018-06-14 08:57:41.634593,0.0002,2.0000200002000022e-09,1,11,6.721067210672107e-05
123,2018-06-14 08:57:42.473569,0.0002,2.0000200002000022e-09,8,29,6.756467564675647e-05
124,2018-06-14 08:57:43.321712,0.0002,2.0000200002000022e-09,6,6,6.733667336673368e-05
125,2018-06-14 08:57:44.204775,0.0002,2.0000200002000022e-09,1,38,6.727467274672747e-05
126,2018-06-14 08:57:45.090829,0.0002,2.0000200002000022e-09,3,22,6.733667336673368e-05
127,2018-06-14 08:57:45.931354,0.0002,2.0000200002000022e-09,3,26,6.721067210672107e-05
128,2018-06-14 08:57:46.898816,0.0002,2.0000200002000022e-09,3,49,6.733667336673368e-05
129,2018-06-14 08:57:47.853535,0.0002,2.0000200002000022e-09,6,46,6.720867208672087e-05
130,2018-06-14 08:57:48.731805,0.0002,2.0000200002000022e-09,0,5,6.731467314673147e-05
131,2018-06-14 08:57:49.618286,0.0002,2.0000200002000022e-09,2,42,6.725267252672528e-05
132,2018-06-14 08:57:50.542695,0.0002,2.0000200002000022e-09,3,50,6.727267272672727e-05
133,2018-06-14 08:57:51.466146,0.0002,2.0000200002000022e-09,2,44,6.725267252672528e-05
134,2018-06-14 08:57:52.373897,0.0002,2.0000200002000022e-09,9,36,6.733467334673348e-05
135,2018-06-14 08:57:53.323327,0.0002,2.0000200002000022e-09,3,35,6.721267212672127e-05
136,2018-06-14 08:57:54.190327,0.0002,2.0000200002000022e-09,9,9,6.756467564675647e-05
137,2018-06-14 08:57:55.059331,0.0002,2.0000200002000022e-09,8,29,6.721067210672107e-05
138,2018-06-14 08:57:55.930327,0.0002,2.0000200002000022e-09,0,38,6.721067210672107e-05
139,2018-06-14 08:57:56.845333,0.0002,2.0000200002000022e-09,3,30,6.721067210672107e-05
140,2018-06-14 08:57:57.749328,0.0002,2.0000200002000022e-09,1,25,6.721067210672107e-05
141,2018-06-14 08:57:58.656327,0.0002,2.0000200002000022e-09,1,51,6.721067210672107e-05
142,2018-06-14 08:57:59.602329,0.0002,2.0000200002000022e-09,1,26,6.721067210672107e-05
143,2018-06-14 08:58:00.467325,0.0002,2.0000200002000022e-09,9,30,6.721067210672107e-05
144,2018-06-14 08:58:01.329622,0.0002,2.0000200002000022e-09,0,41,6.733467334673348e-05
145,2018-06-14 08:58:02.353623,0.0002,2.0000200002000022e-09,7,49,6.727467274672747e-05
146,2018-06-14 08:58:03.215622,0.0002,2.0000200002000022e-09,6,3,6.733467334673348e-05
147,2018-06-14 08:58:04.156623,0.0002,2.0000200002000022e-09,2,50,6.731667316673167e-05
148,2018-06-14 08:58:05.064622,0.0002,2.0000200002000022e-09,1,36,6.733467334673348e-05
149,2018-06-14 08:58:05.968412,0.0002,2.0000200002000022e-09,2,7,6.731467314673147e-05
150,2018-06-14 08:58:06.913412,0.0002,2.0000200002000022e-09,3,33,6.721067210672107e-05
151,2018-06-14 08:58:07.860080,0.0002,2.0000200002000022e-09,4,4,6.720867208672087e-05
152,2018-06-14 08:58:08.803079,0.0002,2.0000200002000022e-09,2,14,6.735667356673567e-05
153,2018-06-14 08:58:09.707080,0.0002,2.0000200002000022e-09,2,29,6.725067250672508e-05
154,2018-06-14 08:58:10.693108,0.0002,2.0000200002000022e-09,2,27,6.735667356673567e-05
155,2018-06-14 08:58:11.518079,0.0002,2.0000200002000022e-09,3,47,6.731467314673147e-05
156,2018-06-14 08:58:12.381079,0.0002,2.0000200002000022e-09,5,14,6.735667356673567e-05
157,2018-06-14 08:58:13.281619,0.0002,2.0000200002000022e-09,8,3,6.731467314673147e-05
158,2018-06-14 08:58:14.146590,0.0002,2.0000200002000022e-09,7,33,6.721067210672107e-05
159,2018-06-14 08:58:15.060406,0.0002,2.0000200002000022e-09,7,36,6.987869878698788e-05
160,2018-06-14 08:58:15.924037,0.0002,2.0000200002000022e-09,1,19,6.727267272672727e-05
161,2018-06-14 08:58:16.790012,0.0002,2.0000200002000022e-09,9,31,6.733667336673368e-05
162,2018-06-14 08:58:17.613009,0.0002,2.0000200002000022e-09,0,46,6.727267272672727e-05
163,2018-06-14 08:58:18.558012,0.0002,2.0000200002000022e-09,0,0,6.733467334673348e-05
164,2018-06-14 08:58:19.422042,0.0002,2.0000200002000022e-09,9,17,6.733467334673348e-05
165,2018-06-14 08:58:20.246042,0.0002,2.0000200002000022e-09,3,13,6.727267272672727e-05
166,2018-06-14 08:58:21.153009,0.0002,2.0000200002000022e-09,1,8,6.733467334673348e-05
167,2018-06-14 08:58:22.021009,0.0002,2.0000200002000022e-09,0,43,6.727267272672727e-05
168,2018-06-14 08:58:22.926162,0.0002,2.0000200002000022e-09,7,37,6.756667566675667e-05
169,2018-06-14 08:58:23.870164,0.0002,2.0000200002000022e-09,2,40,6.731467314673147e-05
170,2018-06-14 08:58:24.747585,0.0002,2.0000200002000022e-09,4,4,6.731467314673147e-05
171,2018-06-14 08:58:25.625356,0.0002,2.0000200002000022e-09,2,41,6.737867378673787e-05
172,2018-06-14 08:58:26.504963,0.0002,2.0000200002000022e-09,9,10,6.758467584675848e-05
173,2018-06-14 08:58:27.392965,0.0002,2.0000200002000022e-09,8,42,6.721067210672107e-05
174,2018-06-14 08:58:28.367307,0.0002,2.0000200002000022e-09,9,27,6.721067210672107e-05
175,2018-06-14 08:58:29.296608,0.0002,2.0000200002000022e-09,6,35,6.721067210672107e-05
176,2018-06-14 08:58:30.198716,0.0002,2.0000200002000022e-09,4,10,6.721067210672107e-05
177,2018-06-14 08:58:31.037323,0.0002,2.0000200002000022e-09,5,11,6.725267252672528e-05
178,2018-06-14 08:58:31.882457,0.0002,2.0000200002000022e-09,9,39,6.756467564675647e-05
179,2018-06-14 08:58:32.771199,0.0002,2.0000200002000022e-09,3,49,6.785667856678567e-05
180,2018-06-14 08:58:33.654492,0.0002,2.0000200002000022e-09,0,31,6.721067210672107e-05
181,2018-06-14 08:58:34.509406,0.0002,2.0000200002000022e-09,3,2,6.993869938699388e-05
182,2018-06-14 08:58:35.357712,0.0002,2.0000200002000022e-09,6,37,6.727467274672747e-05
183,2018-06-14 08:58:36.236271,0.0002,2.0000200002000022e-09,4,47,6.721067210672107e-05
184,2018-06-14 08:58:37.151121,0.0002,2.0000200002000022e-09,5,18,6.725267252672528e-05
185,2018-06-14 08:58:37.997828,0.0002,2.0000200002000022e-09,2,41,6.731267312673127e-05
186,2018-06-14 08:58:38.841628,0.0002,2.0000200002000022e-09,3,17,7.812678126781268e-05
187,2018-06-14 08:58:39.731064,0.0002,2.0000200002000022e-09,7,9,7.812678126781268e-05
188,2018-06-14 08:58:40.611211,0.0002,2.0000200002000022e-09,5,39,6.998069980699808e-05
189,2018-06-14 08:58:41.459689,0.0002,2.0000200002000022e-09,6,45,6.733467334673348e-05
190,2018-06-14 08:58:42.298497,0.0002,2.0000200002000022e-09,6,10,6.987669876698768e-05
191,2018-06-14 08:58:44.211887,0.0002,2.0000200002000022e-09,9,44,6.721067210672107e-05
192,2018-06-14 08:58:45.058266,0.0002,2.0000200002000022e-09,9,49,6.987669876698768e-05
193,2018-06-14 08:58:45.948814,0.0002,2.0000200002000022e-09,5,12,6.725267252672528e-05
194,2018-06-14 08:58:46.787143,0.0002,2.0000200002000022e-09,4,24,6.731467314673147e-05
195,2018-06-14 08:58:47.623218,0.0002,2.0000200002000022e-09,3,37,6.727467274672747e-05
196,2018-06-14 08:58:48.543674,0.0002,2.0000200002000022e-09,2,43,6.725267252672528e-05
197,2018-06-14 08:58:49.375613,0.0002,2.0000200002000022e-09,2,12,6.731467314673147e-05
198,2018-06-14 08:58:50.199052,0.0002,2.0000200002000022e-09,1,34,7.812678126781268e-05
199,2018-06-14 08:58:51.027819,0.0002,2.0000200002000022e-09,7,23,6.721067210672107e-05
200,2018-06-14 08:58:51.865455,0.0002,2.0000200002000022e-09,6,18,7.812878128781288e-05
201,2018-06-14 08:58:52.750593,0.0002,2.0000200002000022e-09,6,25,6.721067210672107e-05
202,2018-06-14 08:58:53.623682,0.0002,2.0000200002000022e-09,6,29,6.731467314673147e-05
203,2018-06-14 08:58:54.469685,0.0002,2.0000200002000022e-09,1,44,6.733667336673368e-05
204,2018-06-14 08:58:55.318703,0.0002,2.0000200002000022e-09,0,43,6.720867208672087e-05
205,2018-06-14 08:58:56.213927,0.0002,2.0000200002000022e-09,7,8,6.727267272672727e-05
206,2018-06-14 08:58:57.098486,0.0002,2.0000200002000022e-09,5,51,6.725267252672528e-05
207,2018-06-14 08:58:57.965811,0.0002,2.0000200002000022e-09,6,35,7.812678126781268e-05
208,2018-06-14 08:58:58.843243,0.0002,2.0000200002000022e-09,4,15,6.733667336673368e-05
209,2018-06-14 08:58:59.762680,0.0002,2.0000200002000022e-09,9,24,6.733467334673348e-05
210,2018-06-14 08:59:00.597732,0.0002,2.0000200002000022e-09,7,36,6.721067210672107e-05
211,2018-06-14 08:59:01.451129,0.0002,2.0000200002000022e-09,5,18,6.998069980699808e-05
212,2018-06-14 08:59:02.284983,0.0002,2.0000200002000022e-09,0,18,6.721067210672107e-05
213,2018-06-14 08:59:03.122801,0.0002,2.0000200002000022e-09,7,38,7.812878128781288e-05
214,2018-06-14 08:59:03.971873,0.0002,2.0000200002000022e-09,8,19,6.733467334673348e-05
215,2018-06-14 08:59:04.810802,0.0002,2.0000200002000022e-09,7,19,6.721067210672107e-05
216,2018-06-14 08:59:05.666489,0.0002,2.0000200002000022e-09,7,28,6.721067210672107e-05
217,2018-06-14 08:59:06.513727,0.0002,2.0000200002000022e-09,5,17,7.358673586735868e-05
218,2018-06-14 08:59:07.364403,0.0002,2.0000200002000022e-09,7,25,6.731467314673147e-05
219,2018-06-14 08:59:08.238883,0.0002,2.0000200002000022e-09,8,27,6.721067210672107e-05
220,2018-06-14 08:59:09.165047,0.0002,2.0000200002000022e-09,6,43,6.727267272672727e-05
221,2018-06-14 08:59:10.044976,0.0002,2.0000200002000022e-09,0,26,6.731267312673127e-05
222,2018-06-14 08:59:10.939485,0.0002,2.0000200002000022e-09,5,25,7.817078170781708e-05
223,2018-06-14 08:59:11.787729,0.0002,2.0000200002000022e-09,8,50,6.756467564675647e-05
224,2018-06-14 08:59:12.637193,0.0002,2.0000200002000022e-09,0,51,6.785667856678567e-05
225,2018-06-14 08:59:13.492338,0.0002,2.0000200002000022e-09,3,8,6.727267272672727e-05
226,2018-06-14 08:59:14.415588,0.0002,2.0000200002000022e-09,7,43,6.733467334673348e-05
227,2018-06-14 08:59:15.295912,0.0002,2.0000200002000022e-09,3,11,6.720867208672087e-05
228,2018-06-14 08:59:16.167693,0.0002,2.0000200002000022e-09,9,44,6.721067210672107e-05
229,2018-06-14 08:59:17.011121,0.0002,2.0000200002000022e-09,2,8,6.725467254672548e-05
230,2018-06-14 08:59:17.904264,0.0002,2.0000200002000022e-09,5,3,7.81687816878169e-05
231,2018-06-14 08:59:18.756648,0.0002,2.0000200002000022e-09,6,2,6.733467334673348e-05
232,2018-06-14 08:59:19.608838,0.0002,2.0000200002000022e-09,3,13,6.721067210672107e-05
233,2018-06-14 08:59:20.531254,0.0002,2.0000200002000022e-09,7,11,6.731267312673127e-05
234,2018-06-14 08:59:21.389640,0.0002,2.0000200002000022e-09,9,42,6.733667336673368e-05
235,2018-06-14 08:59:22.260122,0.0002,2.0000200002000022e-09,4,8,6.727267272672727e-05
236,2018-06-14 08:59:23.099403,0.0002,2.0000200002000022e-09,9,21,6.756467564675647e-05
237,2018-06-14 08:59:23.954526,0.0002,2.0000200002000022e-09,8,1,6.721067210672107e-05
238,2018-06-14 08:59:24.798691,0.0002,2.0000200002000022e-09,7,47,6.721067210672107e-05
239,2018-06-14 08:59:25.646402,0.0002,2.0000200002000022e-09,3,7,6.733667336673368e-05
240,2018-06-14 08:59:26.496483,0.0002,2.0000200002000022e-09,6,41,7.812678126781268e-05
241,2018-06-14 08:59:27.350559,0.0002,2.0000200002000022e-09,6,2,6.994069940699408e-05
242,2018-06-14 08:59:28.273575,0.0002,2.0000200002000022e-09,1,32,6.987669876698768e-05
243,2018-06-14 08:59:29.111703,0.0002,2.0000200002000022e-09,4,17,6.721067210672107e-05
244,2018-06-14 08:59:29.985583,0.0002,2.0000200002000022e-09,9,48,6.721067210672107e-05
245,2018-06-14 08:59:30.828040,0.0002,2.0000200002000022e-09,1,41,6.987869878698788e-05
246,2018-06-14 08:59:31.687001,0.0002,2.0000200002000022e-09,7,15,6.756467564675647e-05
247,2018-06-14 08:59:32.528346,0.0002,2.0000200002000022e-09,8,5,6.731467314673147e-05
248,2018-06-14 08:59:33.375014,0.0002,2.0000200002000022e-09,2,1,6.725267252672528e-05
249,2018-06-14 08:59:34.217750,0.0002,2.0000200002000022e-09,5,6,6.791867918679187e-05
250,2018-06-14 08:59:35.065330,0.0002,2.0000200002000022e-09,0,26,7.812678126781268e-05
251,2018-06-14 08:59:35.903427,0.0002,2.0000200002000022e-09,3,44,6.720867208672087e-05
252,2018-06-14 08:59:36.736749,0.0002,2.0000200002000022e-09,1,47,6.731467314673147e-05
253,2018-06-14 08:59:37.580477,0.0002,2.0000200002000022e-09,4,21,6.721067210672107e-05
254,2018-06-14 08:59:38.418718,0.0002,2.0000200002000022e-09,8,29,7.810678106781069e-05
255,2018-06-14 08:59:39.297207,0.0002,2.0000200002000022e-09,6,44,6.721067210672107e-05
256,2018-06-14 08:59:40.134662,0.0002,2.0000200002000022e-09,8,46,6.733467334673348e-05
257,2018-06-14 08:59:40.971277,0.0002,2.0000200002000022e-09,3,13,6.987669876698768e-05
258,2018-06-14 08:59:41.852340,0.0002,2.0000200002000022e-09,8,17,6.720867208672087e-05
259,2018-06-14 08:59:42.692058,0.0002,2.0000200002000022e-09,7,17,6.733467334673348e-05
260,2018-06-14 08:59:43.532240,0.0002,2.0000200002000022e-09,3,35,6.721067210672107e-05
261,2018-06-14 08:59:44.406863,0.0002,2.0000200002000022e-09,4,12,6.721067210672107e-05
262,2018-06-14 08:59:45.276117,0.0002,2.0000200002000022e-09,0,0,6.727267272672727e-05
263,2018-06-14 08:59:46.109130,0.0002,2.0000200002000022e-09,1,1,6.733467334673348e-05
264,2018-06-14 08:59:46.935202,0.0002,2.0000200002000022e-09,2,1,6.731467314673147e-05
265,2018-06-14 08:59:47.809519,0.0002,2.0000200002000022e-09,4,5,6.721067210672107e-05
266,2018-06-14 08:59:48.736711,0.0002,2.0000200002000022e-09,5,24,6.725267252672528e-05
267,2018-06-14 08:59:49.624875,0.0002,2.0000200002000022e-09,7,39,6.721067210672107e-05
268,2018-06-14 08:59:50.459345,0.0002,2.0000200002000022e-09,4,41,6.993869938699388e-05
269,2018-06-14 08:59:51.377753,0.0002,2.0000200002000022e-09,5,21,6.725067250672508e-05
270,2018-06-14 08:59:52.326737,0.0002,2.0000200002000022e-09,4,20,6.720867208672087e-05
271,2018-06-14 08:59:53.274818,0.0002,2.0000200002000022e-09,0,51,6.994069940699408e-05
272,2018-06-14 08:59:54.170844,0.0002,2.0000200002000022e-09,7,2,6.733667336673368e-05
273,2018-06-14 08:59:55.102727,0.0002,2.0000200002000022e-09,6,51,6.721067210672107e-05
274,2018-06-14 08:59:56.041467,0.0002,2.0000200002000022e-09,0,49,6.733467334673348e-05
275,2018-06-14 08:59:56.943008,0.0002,2.0000200002000022e-09,2,36,6.725267252672528e-05
276,2018-06-14 08:59:57.926922,0.0002,2.0000200002000022e-09,0,28,6.994069940699408e-05
277,2018-06-14 08:59:58.776871,0.0002,2.0000200002000022e-09,2,51,6.725267252672528e-05
278,2018-06-14 08:59:59.637228,0.0002,2.0000200002000022e-09,2,31,6.725267252672528e-05
279,2018-06-14 09:00:00.501496,0.0002,2.0000200002000022e-09,0,51,6.721067210672107e-05
280,2018-06-14 09:00:01.401942,0.0002,2.0000200002000022e-09,6,20,6.721067210672107e-05
281,2018-06-14 09:00:02.242933,0.0002,2.0000200002000022e-09,4,36,6.721067210672107e-05
282,2018-06-14 09:00:03.144075,0.0002,2.0000200002000022e-09,6,2,6.727267272672727e-05
283,2018-06-14 09:00:04.011796,0.0002,2.0000200002000022e-09,3,39,6.720867208672087e-05
284,2018-06-14 09:00:04.901536,0.0002,2.0000200002000022e-09,5,39,6.735467354673548e-05
285,2018-06-14 09:00:05.741660,0.0002,2.0000200002000022e-09,8,32,6.727267272672727e-05
286,2018-06-14 09:00:06.581041,0.0002,2.0000200002000022e-09,0,13,6.731267312673127e-05
287,2018-06-14 09:00:07.436219,0.0002,2.0000200002000022e-09,1,15,6.727267272672727e-05
288,2018-06-14 09:00:08.328561,0.0002,2.0000200002000022e-09,3,11,6.721067210672107e-05
289,2018-06-14 09:00:09.164777,0.0002,2.0000200002000022e-09,2,32,6.731467314673147e-05
290,2018-06-14 09:00:10.004447,0.0002,2.0000200002000022e-09,4,2,6.758467584675848e-05
291,2018-06-14 09:00:10.880924,0.0002,2.0000200002000022e-09,1,46,6.756467564675647e-05
292,2018-06-14 09:00:11.755250,0.0002,2.0000200002000022e-09,3,19,6.727267272672727e-05
293,2018-06-14 09:00:12.635091,0.0002,2.0000200002000022e-09,5,28,6.725267252672528e-05
294,2018-06-14 09:00:13.477907,0.0002,2.0000200002000022e-09,4,48,7.810678106781069e-05
295,2018-06-14 09:00:14.327084,0.0002,2.0000200002000022e-09,6,21,6.987669876698768e-05
296,2018-06-14 09:00:15.244406,0.0002,2.0000200002000022e-09,4,14,7.812678126781268e-05
297,2018-06-14 09:00:16.152722,0.0002,2.0000200002000022e-09,1,33,6.721067210672107e-05
298,2018-06-14 09:00:16.991673,0.0002,2.0000200002000022e-09,9,23,6.721067210672107e-05
299,2018-06-14 09:00:17.922258,0.0002,2.0000200002000022e-09,9,45,6.733667336673368e-05
300,2018-06-14 09:00:18.806671,0.0002,2.0000200002000022e-09,3,11,7.812678126781268e-05
301,2018-06-14 09:00:19.647942,0.0002,2.0000200002000022e-09,3,41,6.733467334673348e-05
302,2018-06-14 09:00:20.645223,0.0002,2.0000200002000022e-09,5,31,6.731467314673147e-05
303,2018-06-14 09:00:21.483205,0.0002,2.0000200002000022e-09,0,26,6.721067210672107e-05
304,2018-06-14 09:00:22.413932,0.0002,2.0000200002000022e-09,1,22,6.733467334673348e-05
305,2018-06-14 09:00:23.253902,0.0002,2.0000200002000022e-09,8,27,6.721067210672107e-05
306,2018-06-14 09:00:24.133596,0.0002,2.0000200002000022e-09,1,6,6.731267312673127e-05
307,2018-06-14 09:00:25.029688,0.0002,2.0000200002000022e-09,2,51,6.731467314673147e-05
308,2018-06-14 09:00:25.909435,0.0002,2.0000200002000022e-09,5,51,6.998069980699808e-05
309,2018-06-14 09:00:26.751112,0.0002,2.0000200002000022e-09,1,3,6.733467334673348e-05
310,2018-06-14 09:00:27.602916,0.0002,2.0000200002000022e-09,5,46,6.991869918699188e-05
311,2018-06-14 09:00:28.439707,0.0002,2.0000200002000022e-09,9,16,6.733467334673348e-05
312,2018-06-14 09:00:29.278188,0.0002,2.0000200002000022e-09,9,8,6.758467584675848e-05
313,2018-06-14 09:00:30.126557,0.0002,2.0000200002000022e-09,3,51,6.721067210672107e-05
314,2018-06-14 09:00:30.967146,0.0002,2.0000200002000022e-09,0,18,6.721067210672107e-05
315,2018-06-14 09:00:31.854007,0.0002,2.0000200002000022e-09,0,11,6.721067210672107e-05
316,2018-06-14 09:00:32.774967,0.0002,2.0000200002000022e-09,2,14,6.998069980699808e-05
317,2018-06-14 09:00:33.626385,0.0002,2.0000200002000022e-09,1,50,7.812678126781268e-05
318,2018-06-14 09:00:34.481494,0.0002,2.0000200002000022e-09,7,34,6.733467334673348e-05
319,2018-06-14 09:00:35.358767,0.0002,2.0000200002000022e-09,0,13,6.721067210672107e-05
320,2018-06-14 09:00:36.204533,0.0002,2.0000200002000022e-09,6,42,6.727267272672727e-05
321,2018-06-14 09:00:37.042903,0.0002,2.0000200002000022e-09,9,24,6.760667606676067e-05
322,2018-06-14 09:00:37.887852,0.0002,2.0000200002000022e-09,7,3,6.758467584675848e-05
323,2018-06-14 09:00:38.803075,0.0002,2.0000200002000022e-09,4,49,7.812678126781268e-05
324,2018-06-14 09:00:39.647455,0.0002,2.0000200002000022e-09,8,51,6.733667336673368e-05
325,2018-06-14 09:00:40.484919,0.0002,2.0000200002000022e-09,7,17,6.720867208672087e-05
326,2018-06-14 09:00:41.335918,0.0002,2.0000200002000022e-09,7,43,6.720867208672087e-05
327,2018-06-14 09:00:42.189236,0.0002,2.0000200002000022e-09,4,5,7.812678126781268e-05
328,2018-06-14 09:00:43.043517,0.0002,2.0000200002000022e-09,5,14,6.737667376673767e-05
329,2018-06-14 09:00:43.926320,0.0002,2.0000200002000022e-09,5,51,6.791867918679187e-05
330,2018-06-14 09:00:44.764406,0.0002,2.0000200002000022e-09,1,0,6.727267272672727e-05
331,2018-06-14 09:00:45.603579,0.0002,2.0000200002000022e-09,7,7,7.812678126781268e-05
332,2018-06-14 09:00:46.453819,0.0002,2.0000200002000022e-09,3,28,6.721067210672107e-05
333,2018-06-14 09:00:47.310338,0.0002,2.0000200002000022e-09,9,4,6.721067210672107e-05
334,2018-06-14 09:00:48.153657,0.0002,2.0000200002000022e-09,1,36,6.721067210672107e-05
335,2018-06-14 09:00:48.993736,0.0002,2.0000200002000022e-09,3,23,6.721067210672107e-05
336,2018-06-14 09:00:49.845805,0.0002,2.0000200002000022e-09,4,23,6.994069940699408e-05
337,2018-06-14 09:00:50.675603,0.0002,2.0000200002000022e-09,1,38,6.721067210672107e-05
338,2018-06-14 09:00:51.522958,0.0002,2.0000200002000022e-09,8,22,6.733467334673348e-05
339,2018-06-14 09:00:52.360405,0.0002,2.0000200002000022e-09,4,23,7.810678106781069e-05
340,2018-06-14 09:00:53.195117,0.0002,2.0000200002000022e-09,2,1,7.81687816878169e-05
341,2018-06-14 09:00:54.082319,0.0002,2.0000200002000022e-09,2,0,6.737667376673767e-05
342,2018-06-14 09:00:54.977327,0.0002,2.0000200002000022e-09,2,8,6.758667586675868e-05
343,2018-06-14 09:00:55.822666,0.0002,2.0000200002000022e-09,7,2,6.721067210672107e-05
344,2018-06-14 09:00:56.672129,0.0002,2.0000200002000022e-09,3,36,6.987669876698768e-05
345,2018-06-14 09:00:57.559511,0.0002,2.0000200002000022e-09,0,21,6.721067210672107e-05
346,2018-06-14 09:00:58.438433,0.0002,2.0000200002000022e-09,9,31,6.721267212672127e-05
347,2018-06-14 09:00:59.276993,0.0002,2.0000200002000022e-09,7,5,6.727267272672727e-05
348,2018-06-14 09:01:00.119634,0.0002,2.0000200002000022e-09,5,8,6.725267252672528e-05
349,2018-06-14 09:01:01.015616,0.0002,2.0000200002000022e-09,7,45,6.733467334673348e-05
350,2018-06-14 09:01:01.857857,0.0002,2.0000200002000022e-09,9,22,6.727267272672727e-05
351,2018-06-14 09:01:02.697267,0.0002,2.0000200002000022e-09,1,31,6.733667336673368e-05
352,2018-06-14 09:01:03.532903,0.0002,2.0000200002000022e-09,0,34,6.731267312673127e-05
353,2018-06-14 09:01:04.413797,0.0002,2.0000200002000022e-09,1,20,6.733667336673368e-05
354,2018-06-14 09:01:05.294606,0.0002,2.0000200002000022e-09,6,6,6.721067210672107e-05
355,2018-06-14 09:01:06.150969,0.0002,2.0000200002000022e-09,2,26,6.991869918699188e-05
356,2018-06-14 09:01:07.014984,0.0002,2.0000200002000022e-09,3,35,6.733467334673348e-05
357,2018-06-14 09:01:07.869330,0.0002,2.0000200002000022e-09,1,40,6.758667586675868e-05
358,2018-06-14 09:01:08.708141,0.0002,2.0000200002000022e-09,5,25,7.81687816878169e-05
359,2018-06-14 09:01:09.585005,0.0002,2.0000200002000022e-09,5,6,7.814878148781489e-05
360,2018-06-14 09:01:10.418920,0.0002,2.0000200002000022e-09,5,50,6.731467314673147e-05
361,2018-06-14 09:01:11.293573,0.0002,2.0000200002000022e-09,9,44,6.756467564675647e-05
362,2018-06-14 09:01:12.136224,0.0002,2.0000200002000022e-09,4,7,6.727267272672727e-05
363,2018-06-14 09:01:12.970537,0.0002,2.0000200002000022e-09,4,39,6.733467334673348e-05
364,2018-06-14 09:01:13.811286,0.0002,2.0000200002000022e-09,7,14,6.721067210672107e-05
365,2018-06-14 09:01:14.652275,0.0002,2.0000200002000022e-09,8,33,6.721067210672107e-05
366,2018-06-14 09:01:15.580131,0.0002,2.0000200002000022e-09,5,27,6.737667376673767e-05
367,2018-06-14 09:01:16.428087,0.0002,2.0000200002000022e-09,1,34,6.720867208672087e-05
368,2018-06-14 09:01:17.301387,0.0002,2.0000200002000022e-09,7,20,7.812678126781268e-05
369,2018-06-14 09:01:18.178762,0.0002,2.0000200002000022e-09,4,51,6.720867208672087e-05
370,2018-06-14 09:01:19.052433,0.0002,2.0000200002000022e-09,4,14,6.727267272672727e-05
371,2018-06-14 09:01:19.930896,0.0002,2.0000200002000022e-09,8,9,6.721067210672107e-05
372,2018-06-14 09:01:20.770120,0.0002,2.0000200002000022e-09,1,31,6.720867208672087e-05
373,2018-06-14 09:01:21.620487,0.0002,2.0000200002000022e-09,0,27,6.721067210672107e-05
374,2018-06-14 09:01:22.510219,0.0002,2.0000200002000022e-09,8,7,6.785667856678567e-05
375,2018-06-14 09:01:23.400775,0.0002,2.0000200002000022e-09,7,27,6.721067210672107e-05
376,2018-06-14 09:01:24.332581,0.0002,2.0000200002000022e-09,0,46,6.721067210672107e-05
377,2018-06-14 09:01:25.206939,0.0002,2.0000200002000022e-09,5,7,6.731667316673167e-05
378,2018-06-14 09:01:26.056880,0.0002,2.0000200002000022e-09,6,22,7.812878128781288e-05
379,2018-06-14 09:01:26.890507,0.0002,2.0000200002000022e-09,0,5,6.721067210672107e-05
380,2018-06-14 09:01:27.729104,0.0002,2.0000200002000022e-09,0,47,6.727267272672727e-05
381,2018-06-14 09:01:28.576380,0.0002,2.0000200002000022e-09,2,19,7.81687816878169e-05
382,2018-06-14 09:01:29.419478,0.0002,2.0000200002000022e-09,5,9,6.725267252672528e-05
383,2018-06-14 09:01:30.275587,0.0002,2.0000200002000022e-09,2,15,6.737867378673787e-05
384,2018-06-14 09:01:31.153449,0.0002,2.0000200002000022e-09,8,5,6.721067210672107e-05
385,2018-06-14 09:01:32.069041,0.0002,2.0000200002000022e-09,0,3,6.720867208672087e-05
386,2018-06-14 09:01:32.915284,0.0002,2.0000200002000022e-09,5,39,6.737667376673767e-05
387,2018-06-14 09:01:33.804927,0.0002,2.0000200002000022e-09,7,47,6.721067210672107e-05
388,2018-06-14 09:01:34.694797,0.0002,2.0000200002000022e-09,3,4,6.721067210672107e-05
389,2018-06-14 09:01:35.577068,0.0002,2.0000200002000022e-09,4,5,6.987669876698768e-05
390,2018-06-14 09:01:36.428032,0.0002,2.0000200002000022e-09,0,10,6.721067210672107e-05
391,2018-06-14 09:01:37.267907,0.0002,2.0000200002000022e-09,4,39,6.721067210672107e-05
392,2018-06-14 09:01:38.160222,0.0002,2.0000200002000022e-09,7,29,6.758467584675848e-05
393,2018-06-14 09:01:38.987148,0.0002,2.0000200002000022e-09,5,51,6.725067250672508e-05
394,2018-06-14 09:01:39.827630,0.0002,2.0000200002000022e-09,3,4,6.987669876698768e-05
395,2018-06-14 09:01:40.705285,0.0002,2.0000200002000022e-09,3,10,6.720867208672087e-05
396,2018-06-14 09:01:41.622035,0.0002,2.0000200002000022e-09,5,25,6.737667376673767e-05
397,2018-06-14 09:01:42.474326,0.0002,2.0000200002000022e-09,8,43,6.731467314673147e-05
398,2018-06-14 09:01:43.330534,0.0002,2.0000200002000022e-09,1,28,6.733667336673368e-05
399,2018-06-14 09:01:44.168594,0.0002,2.0000200002000022e-09,6,46,6.987669876698768e-05
400,2018-06-14 09:01:45.042869,0.0002,2.0000200002000022e-09,7,24,6.721067210672107e-05
401,2018-06-14 09:01:45.915821,0.0002,2.0000200002000022e-09,5,47,6.737667376673767e-05
402,2018-06-14 09:01:46.762576,0.0002,2.0000200002000022e-09,8,5,6.731467314673147e-05
403,2018-06-14 09:01:47.609155,0.0002,2.0000200002000022e-09,9,47,6.756467564675647e-05
404,2018-06-14 09:01:48.488444,0.0002,2.0000200002000022e-09,4,37,6.733467334673348e-05
405,2018-06-14 09:01:49.334299,0.0002,2.0000200002000022e-09,2,38,6.731467314673147e-05
406,2018-06-14 09:01:50.190175,0.0002,2.0000200002000022e-09,9,6,6.733467334673348e-05
407,2018-06-14 09:01:51.156045,0.0002,2.0000200002000022e-09,2,40,6.725067250672508e-05
408,2018-06-14 09:01:52.042549,0.0002,2.0000200002000022e-09,6,6,6.993869938699388e-05
409,2018-06-14 09:01:52.881315,0.0002,2.0000200002000022e-09,6,46,6.785467854678547e-05
410,2018-06-14 09:01:53.766382,0.0002,2.0000200002000022e-09,8,13,6.727467274672747e-05
411,2018-06-14 09:01:54.614465,0.0002,2.0000200002000022e-09,1,34,6.993869938699388e-05
412,2018-06-14 09:01:55.463561,0.0002,2.0000200002000022e-09,8,34,6.987669876698768e-05
413,2018-06-14 09:01:56.319442,0.0002,2.0000200002000022e-09,2,45,6.737667376673767e-05
414,2018-06-14 09:01:57.173935,0.0002,2.0000200002000022e-09,6,25,6.785667856678567e-05
415,2018-06-14 09:01:58.018318,0.0002,2.0000200002000022e-09,6,49,6.721067210672107e-05
416,2018-06-14 09:01:58.857125,0.0002,2.0000200002000022e-09,3,37,6.721067210672107e-05
417,2018-06-14 09:01:59.739276,0.0002,2.0000200002000022e-09,9,9,6.731467314673147e-05
418,2018-06-14 09:02:00.588182,0.0002,2.0000200002000022e-09,7,29,6.731467314673147e-05
419,2018-06-14 09:02:01.430383,0.0002,2.0000200002000022e-09,1,49,6.720867208672087e-05
420,2018-06-14 09:02:02.277767,0.0002,2.0000200002000022e-09,3,37,6.731467314673147e-05
421,2018-06-14 09:02:03.118660,0.0002,2.0000200002000022e-09,2,31,6.737667376673767e-05
422,2018-06-14 09:02:04.044385,0.0002,2.0000200002000022e-09,7,23,6.720867208672087e-05
423,2018-06-14 09:02:04.882429,0.0002,2.0000200002000022e-09,9,25,7.812678126781268e-05
424,2018-06-14 09:02:05.762451,0.0002,2.0000200002000022e-09,6,29,6.987669876698768e-05
425,2018-06-14 09:02:06.615297,0.0002,2.0000200002000022e-09,6,30,6.727267272672727e-05
426,2018-06-14 09:02:07.459668,0.0002,2.0000200002000022e-09,3,17,6.756467564675647e-05
427,2018-06-14 09:02:08.313851,0.0002,2.0000200002000022e-09,9,42,6.727467274672747e-05
428,2018-06-14 09:02:09.163595,0.0002,2.0000200002000022e-09,2,39,6.725267252672528e-05
429,2018-06-14 09:02:10.022432,0.0002,2.0000200002000022e-09,8,47,6.733467334673348e-05
430,2018-06-14 09:02:10.878950,0.0002,2.0000200002000022e-09,5,38,6.731467314673147e-05
431,2018-06-14 09:02:11.755780,0.0002,2.0000200002000022e-09,5,12,6.725067250672508e-05
432,2018-06-14 09:02:12.637561,0.0002,2.0000200002000022e-09,8,24,6.727267272672727e-05
433,2018-06-14 09:02:13.468871,0.0002,2.0000200002000022e-09,8,32,6.721067210672107e-05
434,2018-06-14 09:02:14.349661,0.0002,2.0000200002000022e-09,5,7,6.725267252672528e-05
435,2018-06-14 09:02:15.197330,0.0002,2.0000200002000022e-09,2,42,6.731467314673147e-05
436,2018-06-14 09:02:16.036864,0.0002,2.0000200002000022e-09,7,16,6.733667336673368e-05
437,2018-06-14 09:02:16.919289,0.0002,2.0000200002000022e-09,3,27,6.721067210672107e-05
438,2018-06-14 09:02:17.781348,0.0002,2.0000200002000022e-09,4,41,6.731467314673147e-05
439,2018-06-14 09:02:18.659658,0.0002,2.0000200002000022e-09,1,8,6.721067210672107e-05
440,2018-06-14 09:02:19.499810,0.0002,2.0000200002000022e-09,3,4,6.721067210672107e-05
441,2018-06-14 09:02:20.427690,0.0002,2.0000200002000022e-09,3,50,6.733667336673368e-05
442,2018-06-14 09:02:21.272825,0.0002,2.0000200002000022e-09,7,17,6.758467584675848e-05
443,2018-06-14 09:02:22.116787,0.0002,2.0000200002000022e-09,9,0,6.756267562675627e-05
444,2018-06-14 09:02:23.001740,0.0002,2.0000200002000022e-09,7,35,6.731467314673147e-05
445,2018-06-14 09:02:23.851736,0.0002,2.0000200002000022e-09,4,10,6.987669876698768e-05
446,2018-06-14 09:02:24.692072,0.0002,2.0000200002000022e-09,2,25,7.81687816878169e-05
447,2018-06-14 09:02:25.549200,0.0002,2.0000200002000022e-09,4,6,6.727267272672727e-05
448,2018-06-14 09:02:26.389903,0.0002,2.0000200002000022e-09,9,3,6.756467564675647e-05
449,2018-06-14 09:02:27.243916,0.0002,2.0000200002000022e-09,3,24,6.721067210672107e-05
450,2018-06-14 09:02:28.170388,0.0002,2.0000200002000022e-09,5,41,6.725267252672528e-05
451,2018-06-14 09:02:29.019210,0.0002,2.0000200002000022e-09,1,45,7.375073750737508e-05
452,2018-06-14 09:02:29.860815,0.0002,2.0000200002000022e-09,4,26,7.812678126781268e-05
453,2018-06-14 09:02:30.719508,0.0002,2.0000200002000022e-09,7,9,6.733667336673368e-05
454,2018-06-14 09:02:31.564399,0.0002,2.0000200002000022e-09,4,41,7.810678106781069e-05
455,2018-06-14 09:02:32.416760,0.0002,2.0000200002000022e-09,5,23,6.725267252672528e-05
456,2018-06-14 09:02:33.305810,0.0002,2.0000200002000022e-09,9,26,7.812678126781268e-05
457,2018-06-14 09:02:34.182761,0.0002,2.0000200002000022e-09,1,48,7.812678126781268e-05
458,2018-06-14 09:02:35.100005,0.0002,2.0000200002000022e-09,4,47,7.812878128781288e-05
459,2018-06-14 09:02:35.948124,0.0002,2.0000200002000022e-09,8,43,6.733667336673368e-05
460,2018-06-14 09:02:36.799834,0.0002,2.0000200002000022e-09,7,18,6.731467314673147e-05
461,2018-06-14 09:02:37.690422,0.0002,2.0000200002000022e-09,1,46,6.721067210672107e-05
462,2018-06-14 09:02:38.534398,0.0002,2.0000200002000022e-09,0,31,7.812678126781268e-05
463,2018-06-14 09:02:39.418617,0.0002,2.0000200002000022e-09,3,26,6.733667336673368e-05
464,2018-06-14 09:02:40.266856,0.0002,2.0000200002000022e-09,9,34,6.733667336673368e-05
465,2018-06-14 09:02:41.113031,0.0002,2.0000200002000022e-09,9,5,6.758667586675868e-05
466,2018-06-14 09:02:41.971292,0.0002,2.0000200002000022e-09,9,46,6.733467334673348e-05
467,2018-06-14 09:02:42.857609,0.0002,2.0000200002000022e-09,9,7,6.727267272672727e-05
468,2018-06-14 09:02:43.696492,0.0002,2.0000200002000022e-09,0,20,6.756467564675647e-05
469,2018-06-14 09:02:44.572432,0.0002,2.0000200002000022e-09,1,11,6.721067210672107e-05
470,2018-06-14 09:02:45.415430,0.0002,2.0000200002000022e-09,6,28,6.727267272672727e-05
471,2018-06-14 09:02:46.308258,0.0002,2.0000200002000022e-09,6,43,6.733467334673348e-05
472,2018-06-14 09:02:47.232998,0.0002,2.0000200002000022e-09,7,28,6.721067210672107e-05
473,2018-06-14 09:02:48.121077,0.0002,2.0000200002000022e-09,2,18,6.737867378673787e-05
474,2018-06-14 09:02:48.972932,0.0002,2.0000200002000022e-09,4,12,6.993869938699388e-05
475,2018-06-14 09:02:49.821580,0.0002,2.0000200002000022e-09,8,33,7.812878128781288e-05
476,2018-06-14 09:02:50.713502,0.0002,2.0000200002000022e-09,7,37,6.756467564675647e-05
477,2018-06-14 09:02:51.556361,0.0002,2.0000200002000022e-09,4,15,6.758667586675868e-05
478,2018-06-14 09:02:52.518367,0.0002,2.0000200002000022e-09,5,43,6.737667376673767e-05
479,2018-06-14 09:02:53.363023,0.0002,2.0000200002000022e-09,0,31,7.810678106781069e-05
480,2018-06-14 09:02:54.213092,0.0002,2.0000200002000022e-09,7,2,6.987669876698768e-05
481,2018-06-14 09:02:55.092713,0.0002,2.0000200002000022e-09,1,36,6.721067210672107e-05
482,2018-06-14 09:02:55.949933,0.0002,2.0000200002000022e-09,5,29,6.725067250672508e-05
483,2018-06-14 09:02:56.802881,0.0002,2.0000200002000022e-09,8,27,6.721067210672107e-05
484,2018-06-14 09:02:57.674871,0.0002,2.0000200002000022e-09,0,7,7.810678106781069e-05
485,2018-06-14 09:02:58.608115,0.0002,2.0000200002000022e-09,3,13,6.987669876698768e-05
486,2018-06-14 09:02:59.490664,0.0002,2.0000200002000022e-09,6,44,6.721067210672107e-05
