sample,time,window,precision,offset,measured
0,2018-06-07 15:20:36.306386,0.001,1.000001000001e-09,2978,0.0003741843741843742
1,2018-06-07 15:20:38.524536,0.002,2.000002000002e-09,4681,0.0005871205871205872
2,2018-06-07 15:20:40.696967,0.002,2.000002000002e-09,4642,0.0005822065822065822
3,2018-06-07 15:20:43.001498,0.001,1.000001000001e-09,2631,0.0003308703308703309
4,2018-06-07 15:20:45.198501,0.002,2.000002000002e-09,4494,0.0005637825637825638
5,2018-06-07 15:20:47.409933,0.002,2.000002000002e-09,4104,0.000514978514978515
6,2018-06-07 15:20:50.301360,0.002,2.000002000002e-09,4870,0.0006107166107166107
7,2018-06-07 15:20:52.647460,0.002,2.000002000002e-09,5601,0.0007021347021347021
8,2018-06-07 15:20:54.874215,0.001,1.000001000001e-09,3784,0.00047493347493347495
9,2018-06-07 15:20:55.882997,0.0004,4.0000400004000045e-09,1478,0.0001867618676186762
10,2018-06-07 15:20:58.761388,0.002,2.000002000002e-09,4110,0.0005157065157065157
11,2018-06-07 15:21:01.155194,0.002,2.000002000002e-09,5253,0.0006585746585746586
12,2018-06-07 15:21:03.466929,0.002,2.000002000002e-09,7878,0.0009867589867589867
13,2018-06-07 15:21:04.426218,0.0004,4.0000400004000045e-09,1560,0.00019704197041970422
14,2018-06-07 15:21:07.046783,0.001,1.000001000001e-09,3665,0.0004600774600774601
15,2018-06-07 15:21:09.483659,0.002,2.000002000002e-09,4352,0.000545936545936546
16,2018-06-07 15:21:12.005179,0.002,2.000002000002e-09,7708,0.0009654249654249654
17,2018-06-07 15:21:14.408350,0.002,2.000002000002e-09,6810,0.0008531988531988533
18,2018-06-07 15:21:15.408202,0.0004,4.0000400004000045e-09,1285,0.00016258562585625859
19,2018-06-07 15:21:17.792186,0.002,2.000002000002e-09,6166,0.0007727507727507728
20,2018-06-07 15:21:20.188517,0.002,2.000002000002e-09,4333,0.0005435905435905436
21,2018-06-07 15:21:22.662930,0.002,2.000002000002e-09,5007,0.0006278966278966279
22,2018-06-07 15:21:25.249039,0.001,1.000001000001e-09,2430,0.0003057683057683058
23,2018-06-07 15:21:27.916747,0.002,2.000002000002e-09,5834,0.0007312847312847314
24,2018-06-07 15:21:28.887230,0.0004,4.0000400004000045e-09,971,0.00012336523365233653
25,2018-06-07 15:21:31.276142,0.001,1.000001000001e-09,2540,0.0003194913194913195
26,2018-06-07 15:21:33.839052,0.001,1.000001000001e-09,2242,0.0002822072822072822
27,2018-06-07 15:21:36.180816,0.002,2.000002000002e-09,7476,0.0009363929363929365
28,2018-06-07 15:21:38.489079,0.002,2.000002000002e-09,5213,0.0006535686535686536
29,2018-06-07 15:21:40.709378,0.002,2.000002000002e-09,7671,0.0009608389608389609
30,2018-06-07 15:21:42.918515,0.002,2.000002000002e-09,6000,0.000751952751952752
31,2018-06-07 15:21:45.072179,0.002,2.000002000002e-09,7353,0.000921020921020921
32,2018-06-07 15:21:47.475668,0.002,2.000002000002e-09,6794,0.0008512388512388513
33,2018-06-07 15:21:49.973950,0.002,2.000002000002e-09,4585,0.0005751185751185752
34,2018-06-07 15:21:50.911728,0.0004,4.0000400004000045e-09,866,0.00011016510165101653
35,2018-06-07 15:21:53.661591,0.001,1.000001000001e-09,3130,0.0003931833931833932
36,2018-06-07 15:21:56.036898,0.001,1.000001000001e-09,3205,0.00040255040255040257
37,2018-06-07 15:21:58.835036,0.002,2.000002000002e-09,5405,0.0006776266776266776
38,2018-06-07 15:21:59.771803,0.0004,4.0000400004000045e-09,875,0.00011130511305113053
39,2018-06-07 15:22:02.648032,0.002,2.000002000002e-09,6465,0.0008100968100968101
40,2018-06-07 15:22:05.017175,0.001,1.000001000001e-09,2515,0.00031636531636531636
41,2018-06-07 15:22:07.442797,0.001,1.000001000001e-09,3898,0.0004892284892284893
42,2018-06-07 15:22:09.941100,0.002,2.000002000002e-09,6909,0.0008655368655368656
43,2018-06-07 15:22:12.246017,0.001,1.000001000001e-09,2645,0.0003326323326323326
44,2018-06-07 15:22:14.814489,0.001,1.000001000001e-09,3405,0.0004276304276304276
45,2018-06-07 15:22:17.462527,0.002,2.000002000002e-09,5130,0.0006432586432586433
46,2018-06-07 15:22:18.476620,0.0004,4.0000400004000045e-09,1154,0.00014622546225462256
47,2018-06-07 15:22:20.815560,0.001,1.000001000001e-09,3480,0.000437001437001437
48,2018-06-07 15:22:23.459653,0.001,1.000001000001e-09,3212,0.0004035104035104035
49,2018-06-07 15:22:25.920990,0.002,2.000002000002e-09,5763,0.0007224887224887225
50,2018-06-07 15:22:28.409956,0.002,2.000002000002e-09,4093,0.0005135525135525136
51,2018-06-07 15:22:30.576592,0.002,2.000002000002e-09,6894,0.0008637168637168637
52,2018-06-07 15:22:32.718414,0.002,2.000002000002e-09,4282,0.0005372365372365372
53,2018-06-07 15:22:33.693468,0.0004,4.0000400004000045e-09,1240,0.00015692556925569258
54,2018-06-07 15:22:36.278934,0.001,1.000001000001e-09,3630,0.00045572645572645575
55,2018-06-07 15:22:38.664024,0.001,1.000001000001e-09,1963,0.00024735824735824737
56,2018-06-07 15:22:41.029543,0.001,1.000001000001e-09,2132,0.00026852226852226854
57,2018-06-07 15:22:43.475168,0.001,1.000001000001e-09,3264,0.00040995440995440996
58,2018-06-07 15:22:44.527421,0.0004,4.0000400004000045e-09,1587,0.00020037400374003743
59,2018-06-07 15:22:45.473778,0.0004,4.0000400004000045e-09,1054,0.00013373333733337334
60,2018-06-07 15:22:48.126847,0.001,1.000001000001e-09,2021,0.00025454725454725457
61,2018-06-07 15:22:49.087437,0.0004,4.0000400004000045e-09,1570,0.0001982259822598226
62,2018-06-07 15:22:51.447559,0.001,1.000001000001e-09,2849,0.0003580723580723581
63,2018-06-07 15:22:53.918743,0.002,2.000002000002e-09,5464,0.0006849566849566849
64,2018-06-07 15:22:54.925298,0.0004,4.0000400004000045e-09,1347,0.0001703617036170362
65,2018-06-07 15:22:57.627120,0.002,2.000002000002e-09,6924,0.0008674928674928676
66,2018-06-07 15:22:58.564849,0.0004,4.0000400004000045e-09,1521,0.0001921619216192162
67,2018-06-07 15:23:00.950268,0.002,2.000002000002e-09,7007,0.0008778748778748779
68,2018-06-07 15:23:03.160376,0.002,2.000002000002e-09,4631,0.0005809005809005809
69,2018-06-07 15:23:05.442257,0.001,1.000001000001e-09,3077,0.00038664638664638666
70,2018-06-07 15:23:07.758602,0.002,2.000002000002e-09,5982,0.0007496627496627496
71,2018-06-07 15:23:09.989476,0.001,1.000001000001e-09,3457,0.0004341104341104341
72,2018-06-07 15:23:12.355295,0.002,2.000002000002e-09,7249,0.0009080729080729081
73,2018-06-07 15:23:14.567640,0.002,2.000002000002e-09,6998,0.0008767428767428768
74,2018-06-07 15:23:17.153942,0.002,2.000002000002e-09,4116,0.0005165425165425166
75,2018-06-07 15:23:19.230500,0.002,2.000002000002e-09,7257,0.0009090809090809091
76,2018-06-07 15:23:20.164767,0.0004,4.0000400004000045e-09,1392,0.0001760177601776018
77,2018-06-07 15:23:22.327802,0.002,2.000002000002e-09,5271,0.0006608746608746609
78,2018-06-07 15:23:24.770266,0.001,1.000001000001e-09,3319,0.0004169034169034169
79,2018-06-07 15:23:27.024676,0.002,2.000002000002e-09,7630,0.0009557569557569558
80,2018-06-07 15:23:28.990496,0.001,1.000001000001e-09,2609,0.00032813532813532817
81,2018-06-07 15:23:31.187941,0.002,2.000002000002e-09,4049,0.0005080845080845081
82,2018-06-07 15:23:33.370087,0.002,2.000002000002e-09,5660,0.0007093887093887094
83,2018-06-07 15:23:35.434398,0.001,1.000001000001e-09,1881,0.00023707923707923709
84,2018-06-07 15:23:37.540114,0.001,1.000001000001e-09,2918,0.00036673236673236674
85,2018-06-07 15:23:39.800856,0.002,2.000002000002e-09,4035,0.0005063165063165063
86,2018-06-07 15:23:41.906227,0.001,1.000001000001e-09,2183,0.00027487427487427486
87,2018-06-07 15:23:44.045636,0.001,1.000001000001e-09,3594,0.0004511984511984512
88,2018-06-07 15:23:45.023442,0.0004,4.0000400004000045e-09,909,0.00011558115581155813
89,2018-06-07 15:23:47.325373,0.002,2.000002000002e-09,7333,0.0009185909185909187
90,2018-06-07 15:23:49.389172,0.002,2.000002000002e-09,5183,0.0006498306498306498
91,2018-06-07 15:23:51.573157,0.002,2.000002000002e-09,6381,0.0007995527995527995
92,2018-06-07 15:23:53.608300,0.002,2.000002000002e-09,6963,0.0008723848723848724
93,2018-06-07 15:23:55.906961,0.001,1.000001000001e-09,3927,0.0004928444928444929
94,2018-06-07 15:23:58.184102,0.002,2.000002000002e-09,5440,0.000681978681978682
95,2018-06-07 15:24:00.522714,0.002,2.000002000002e-09,5051,0.0006332946332946333
96,2018-06-07 15:24:02.741057,0.002,2.000002000002e-09,6898,0.0008642388642388643
97,2018-06-07 15:24:04.905129,0.002,2.000002000002e-09,6910,0.0008657148657148657
98,2018-06-07 15:24:07.079287,0.002,2.000002000002e-09,4047,0.0005077945077945078
99,2018-06-07 15:24:09.418788,0.001,1.000001000001e-09,3317,0.0004165804165804166
100,2018-06-07 15:24:11.630809,0.001,1.000001000001e-09,1879,0.00023681123681123682
101,2018-06-07 15:24:13.873752,0.001,1.000001000001e-09,1733,0.00021856321856321856
102,2018-06-07 15:24:16.150335,0.001,1.000001000001e-09,3103,0.0003898913898913899
103,2018-06-07 15:24:18.510053,0.002,2.000002000002e-09,4516,0.0005664305664305664
104,2018-06-07 15:24:20.726883,0.002,2.000002000002e-09,7390,0.0009256569256569256
105,2018-06-07 15:24:23.021003,0.001,1.000001000001e-09,2706,0.00034017534017534017
106,2018-06-07 15:24:25.386483,0.002,2.000002000002e-09,7588,0.0009504069504069504
107,2018-06-07 15:24:27.645286,0.001,1.000001000001e-09,2000,0.000251997251997252
108,2018-06-07 15:24:29.886537,0.002,2.000002000002e-09,6087,0.0007627867627867628
109,2018-06-07 15:24:32.118229,0.002,2.000002000002e-09,7894,0.0009886469886469886
110,2018-06-07 15:24:34.504152,0.001,1.000001000001e-09,1605,0.0002026112026112026
111,2018-06-07 15:24:35.484729,0.0004,4.0000400004000045e-09,1263,0.00015984959849598497
112,2018-06-07 15:24:37.643233,0.002,2.000002000002e-09,7447,0.0009328469328469329
113,2018-06-07 15:24:40.031923,0.002,2.000002000002e-09,4327,0.0005427885427885428
114,2018-06-07 15:24:42.342586,0.002,2.000002000002e-09,7826,0.0009802049802049803
115,2018-06-07 15:24:43.323156,0.0004,4.0000400004000045e-09,1333,0.00016860168601686017
116,2018-06-07 15:24:45.525733,0.001,1.000001000001e-09,1875,0.00023633023633023634
117,2018-06-07 15:24:47.963248,0.001,1.000001000001e-09,3352,0.000421005421005421
118,2018-06-07 15:24:50.587847,0.001,1.000001000001e-09,3341,0.0004195824195824196
119,2018-06-07 15:24:53.023993,0.002,2.000002000002e-09,7864,0.000984896984896985
120,2018-06-07 15:24:55.411118,0.002,2.000002000002e-09,4579,0.0005743045743045744
121,2018-06-07 15:24:57.948321,0.001,1.000001000001e-09,1983,0.00024987324987324987
122,2018-06-07 15:25:00.617647,0.001,1.000001000001e-09,1962,0.0002472882472882473
123,2018-06-07 15:25:03.204417,0.002,2.000002000002e-09,4330,0.0005432325432325432
124,2018-06-07 15:25:05.674720,0.002,2.000002000002e-09,6920,0.0008669448669448669
125,2018-06-07 15:25:08.597805,0.001,1.000001000001e-09,1851,0.00023336823336823337
126,2018-06-07 15:25:11.256729,0.002,2.000002000002e-09,5293,0.0006635886635886636
127,2018-06-07 15:25:13.585620,0.001,1.000001000001e-09,2796,0.0003514453514453515
128,2018-06-07 15:25:15.827993,0.002,2.000002000002e-09,5724,0.0007174587174587175
129,2018-06-07 15:25:18.456092,0.001,1.000001000001e-09,2777,0.00034912034912034913
130,2018-06-07 15:25:19.416436,0.0004,4.0000400004000045e-09,827,0.00010538505385053851
131,2018-06-07 15:25:21.894350,0.002,2.000002000002e-09,5045,0.0006325346325346326
132,2018-06-07 15:25:24.469938,0.002,2.000002000002e-09,6902,0.0008646948646948647
133,2018-06-07 15:25:27.444038,0.002,2.000002000002e-09,5391,0.0006757766757766758
134,2018-06-07 15:25:29.883945,0.001,1.000001000001e-09,3597,0.0004515444515444516
135,2018-06-07 15:25:32.122357,0.001,1.000001000001e-09,2594,0.00032623132623132626
136,2018-06-07 15:25:34.782528,0.002,2.000002000002e-09,7769,0.0009730329730329731
137,2018-06-07 15:25:37.045884,0.002,2.000002000002e-09,7561,0.0009471209471209472
138,2018-06-07 15:25:38.088602,0.0004,4.0000400004000045e-09,1097,0.00013911339113391135
139,2018-06-07 15:25:40.949492,0.001,1.000001000001e-09,2903,0.00036483036483036483
140,2018-06-07 15:25:43.463841,0.002,2.000002000002e-09,6453,0.0008086168086168087
141,2018-06-07 15:25:46.343234,0.001,1.000001000001e-09,2706,0.00034024734024734024
142,2018-06-07 15:25:49.015693,0.002,2.000002000002e-09,6213,0.0007785427785427785
143,2018-06-07 15:25:51.375497,0.002,2.000002000002e-09,6941,0.0008696108696108697
144,2018-06-07 15:25:52.317459,0.0004,4.0000400004000045e-09,1262,0.00015973359733597337
145,2018-06-07 15:25:54.739590,0.002,2.000002000002e-09,4823,0.0006048346048346049
146,2018-06-07 15:25:57.152467,0.001,1.000001000001e-09,3307,0.00041536341536341535
147,2018-06-07 15:25:59.422610,0.002,2.000002000002e-09,6536,0.000818974818974819
148,2018-06-07 15:26:01.425735,0.002,2.000002000002e-09,7943,0.0009947809947809948
149,2018-06-07 15:26:02.565090,0.0004,4.0000400004000045e-09,1260,0.000159429594295943
150,2018-06-07 15:26:04.817530,0.002,2.000002000002e-09,4371,0.0005482825482825482
151,2018-06-07 15:26:07.158401,0.001,1.000001000001e-09,2259,0.0002842922842922843
152,2018-06-07 15:26:08.193952,0.0004,4.0000400004000045e-09,927,0.00011782917829178293
153,2018-06-07 15:26:10.568043,0.002,2.000002000002e-09,5898,0.0007392287392287393
154,2018-06-07 15:26:12.899379,0.002,2.000002000002e-09,7055,0.0008837948837948838
155,2018-06-07 15:26:15.057391,0.001,1.000001000001e-09,3604,0.0004525034525034525
156,2018-06-07 15:26:16.035894,0.0004,4.0000400004000045e-09,1471,0.0001858458584585846
157,2018-06-07 15:26:17.000958,0.0004,4.0000400004000045e-09,1102,0.00013967339673396736
158,2018-06-07 15:26:19.277629,0.001,1.000001000001e-09,2038,0.00025667525667525667
159,2018-06-07 15:26:21.628882,0.002,2.000002000002e-09,5427,0.0006803106803106803
160,2018-06-07 15:26:24.043550,0.002,2.000002000002e-09,4026,0.0005051405051405051
161,2018-06-07 15:26:25.006676,0.0004,4.0000400004000045e-09,1426,0.000180209802098021
162,2018-06-07 15:26:27.441494,0.001,1.000001000001e-09,2477,0.0003115843115843116
163,2018-06-07 15:26:29.899152,0.001,1.000001000001e-09,1814,0.0002287862287862288
164,2018-06-07 15:26:32.415052,0.002,2.000002000002e-09,6294,0.0007886667886667887
165,2018-06-07 15:26:34.912031,0.001,1.000001000001e-09,3542,0.0004446494446494447
166,2018-06-07 15:26:36.033875,0.0004,4.0000400004000045e-09,1017,0.00012913329133291333
167,2018-06-07 15:26:38.226812,0.002,2.000002000002e-09,7822,0.0009797029797029798
168,2018-06-07 15:26:39.236165,0.0004,4.0000400004000045e-09,1088,0.00013801338013380134
169,2018-06-07 15:26:41.660388,0.002,2.000002000002e-09,4311,0.0005408725408725408
170,2018-06-07 15:26:42.641053,0.0004,4.0000400004000045e-09,1334,0.00016872968729687298
171,2018-06-07 15:26:44.959423,0.001,1.000001000001e-09,1624,0.00020494920494920497
172,2018-06-07 15:26:47.669409,0.002,2.000002000002e-09,5439,0.0006817826817826818
173,2018-06-07 15:26:50.126996,0.001,1.000001000001e-09,2992,0.000375981375981376
174,2018-06-07 15:26:52.616817,0.002,2.000002000002e-09,7058,0.0008841468841468842
175,2018-06-07 15:26:55.287783,0.001,1.000001000001e-09,3636,0.00045640645640645643
176,2018-06-07 15:26:57.773901,0.002,2.000002000002e-09,4349,0.0005455465455465456
177,2018-06-07 15:27:00.523207,0.001,1.000001000001e-09,3939,0.0004942774942774943
178,2018-06-07 15:27:01.508105,0.0004,4.0000400004000045e-09,1183,0.00014985349853498538
179,2018-06-07 15:27:03.939104,0.002,2.000002000002e-09,4918,0.0006166786166786167
180,2018-06-07 15:27:05.044189,0.0004,4.0000400004000045e-09,1161,0.00014706147061470617
181,2018-06-07 15:27:07.424511,0.001,1.000001000001e-09,2334,0.00029363529363529364
182,2018-06-07 15:27:09.709458,0.002,2.000002000002e-09,4157,0.0005215845215845216
183,2018-06-07 15:27:12.177201,0.001,1.000001000001e-09,2211,0.00027835227835227834
184,2018-06-07 15:27:14.213378,0.001,1.000001000001e-09,2130,0.0002682012682012682
185,2018-06-07 15:27:16.810957,0.002,2.000002000002e-09,5888,0.0007379147379147379
186,2018-06-07 15:27:17.874213,0.0004,4.0000400004000045e-09,1481,0.0001870818708187082
187,2018-06-07 15:27:20.032303,0.001,1.000001000001e-09,3043,0.00038230738230738234
188,2018-06-07 15:27:22.162861,0.002,2.000002000002e-09,4639,0.0005818225818225818
189,2018-06-07 15:27:24.442892,0.002,2.000002000002e-09,6068,0.0007604027604027604
190,2018-06-07 15:27:26.656980,0.002,2.000002000002e-09,7082,0.0008872448872448873
191,2018-06-07 15:27:28.999405,0.001,1.000001000001e-09,2657,0.00033406433406433405
192,2018-06-07 15:27:31.240451,0.002,2.000002000002e-09,7862,0.0009847409847409847
193,2018-06-07 15:27:32.294793,0.0004,4.0000400004000045e-09,1232,0.00015591755917559178
194,2018-06-07 15:27:34.513124,0.002,2.000002000002e-09,7187,0.0009003349003349004
195,2018-06-07 15:27:35.549485,0.0004,4.0000400004000045e-09,1378,0.0001741417414174142
196,2018-06-07 15:27:37.765868,0.001,1.000001000001e-09,3841,0.00048203148203148207
197,2018-06-07 15:27:40.021321,0.002,2.000002000002e-09,4581,0.0005746225746225747
198,2018-06-07 15:27:42.393246,0.002,2.000002000002e-09,6391,0.0008007908007908009
199,2018-06-07 15:27:44.675567,0.002,2.000002000002e-09,6912,0.0008659068659068659
200,2018-06-07 15:27:46.960978,0.001,1.000001000001e-09,2051,0.00025834125834125836
201,2018-06-07 15:27:49.116695,0.001,1.000001000001e-09,1710,0.00021567021567021568
202,2018-06-07 15:27:51.389115,0.002,2.000002000002e-09,7649,0.0009580889580889582
203,2018-06-07 15:27:53.635640,0.002,2.000002000002e-09,7066,0.0008852908852908854
204,2018-06-07 15:27:55.956025,0.001,1.000001000001e-09,2367,0.0002977722977722978
205,2018-06-07 15:27:58.232962,0.001,1.000001000001e-09,1762,0.0002221932221932222
206,2018-06-07 15:28:00.595186,0.002,2.000002000002e-09,6220,0.0007794167794167794
207,2018-06-07 15:28:02.884351,0.002,2.000002000002e-09,6589,0.0008256588256588257
208,2018-06-07 15:28:05.083245,0.002,2.000002000002e-09,4812,0.0006034646034646034
209,2018-06-07 15:28:07.337631,0.002,2.000002000002e-09,4843,0.0006073526073526074
210,2018-06-07 15:28:09.711323,0.001,1.000001000001e-09,3475,0.00043631643631643634
211,2018-06-07 15:28:12.190754,0.002,2.000002000002e-09,7590,0.0009507389507389508
212,2018-06-07 15:28:14.603284,0.001,1.000001000001e-09,3153,0.0003960763960763961
213,2018-06-07 15:28:15.571011,0.0004,4.0000400004000045e-09,1501,0.00018950989509895102
214,2018-06-07 15:28:18.267128,0.001,1.000001000001e-09,1730,0.00021828021828021829
215,2018-06-07 15:28:20.730926,0.002,2.000002000002e-09,4290,0.0005382325382325382
216,2018-06-07 15:28:22.846988,0.002,2.000002000002e-09,5217,0.0006540566540566541
217,2018-06-07 15:28:25.162866,0.002,2.000002000002e-09,5354,0.0006712186712186713
218,2018-06-07 15:28:27.348383,0.002,2.000002000002e-09,4961,0.0006221586221586222
219,2018-06-07 15:28:29.615514,0.002,2.000002000002e-09,7767,0.0009728669728669729
220,2018-06-07 15:28:31.938603,0.001,1.000001000001e-09,2845,0.00035763535763535766
221,2018-06-07 15:28:34.175678,0.002,2.000002000002e-09,4848,0.000607944607944608
222,2018-06-07 15:28:35.111825,0.0004,4.0000400004000045e-09,1540,0.0001944379443794438
223,2018-06-07 15:28:37.269917,0.001,1.000001000001e-09,1940,0.0002444642444642445
224,2018-06-07 15:28:39.423320,0.001,1.000001000001e-09,3003,0.0003773673773673774
225,2018-06-07 15:28:41.880695,0.002,2.000002000002e-09,7239,0.0009068769068769069
226,2018-06-07 15:28:44.026726,0.001,1.000001000001e-09,2643,0.0003324003324003324
227,2018-06-07 15:28:46.277530,0.002,2.000002000002e-09,6862,0.0008597348597348597
228,2018-06-07 15:28:48.372118,0.002,2.000002000002e-09,6376,0.000798962798962799
229,2018-06-07 15:28:50.671378,0.001,1.000001000001e-09,3461,0.0004345714345714346
230,2018-06-07 15:28:52.964213,0.001,1.000001000001e-09,2902,0.0003647763647763648
231,2018-06-07 15:28:55.239889,0.002,2.000002000002e-09,6322,0.0007922487922487922
232,2018-06-07 15:28:57.661799,0.001,1.000001000001e-09,3294,0.0004137084137084137
233,2018-06-07 15:28:59.974474,0.002,2.000002000002e-09,5102,0.0006397606397606398
234,2018-06-07 15:29:02.124990,0.002,2.000002000002e-09,7689,0.0009631289631289631
235,2018-06-07 15:29:04.447261,0.001,1.000001000001e-09,2087,0.0002627962627962628
236,2018-06-07 15:29:06.622386,0.002,2.000002000002e-09,7747,0.0009702809702809703
237,2018-06-07 15:29:08.804332,0.002,2.000002000002e-09,4242,0.0005322305322305323
238,2018-06-07 15:29:09.799037,0.0004,4.0000400004000045e-09,908,0.00011541715417154173
239,2018-06-07 15:29:11.969994,0.002,2.000002000002e-09,6436,0.0008065008065008065
240,2018-06-07 15:29:14.297453,0.001,1.000001000001e-09,3253,0.00040865140865140867
241,2018-06-07 15:29:16.524597,0.002,2.000002000002e-09,4394,0.0005512145512145513
242,2018-06-07 15:29:18.638336,0.001,1.000001000001e-09,2791,0.0003508953508953509
243,2018-06-07 15:29:20.967013,0.002,2.000002000002e-09,7433,0.0009311069311069312
244,2018-06-07 15:29:23.096098,0.001,1.000001000001e-09,2467,0.00031032331032331033
245,2018-06-07 15:29:24.077088,0.0004,4.0000400004000045e-09,1530,0.00019326993269932702
246,2018-06-07 15:29:26.384439,0.002,2.000002000002e-09,4532,0.0005685105685105685
247,2018-06-07 15:29:28.567195,0.002,2.000002000002e-09,6781,0.0008495328495328495
248,2018-06-07 15:29:30.820478,0.001,1.000001000001e-09,3020,0.00037951537951537955
249,2018-06-07 15:29:33.150579,0.002,2.000002000002e-09,5621,0.0007046727046727047
250,2018-06-07 15:29:35.352564,0.002,2.000002000002e-09,4371,0.0005483605483605484
251,2018-06-07 15:29:36.275041,0.0004,4.0000400004000045e-09,1402,0.000177169771697717
252,2018-06-07 15:29:38.470085,0.001,1.000001000001e-09,3312,0.000416004416004416
253,2018-06-07 15:29:40.761935,0.002,2.000002000002e-09,6498,0.0008142108142108142
254,2018-06-07 15:29:43.062548,0.001,1.000001000001e-09,2842,0.00035721135721135725
255,2018-06-07 15:29:45.278625,0.001,1.000001000001e-09,2711,0.0003409033409033409
256,2018-06-07 15:29:47.514966,0.002,2.000002000002e-09,6117,0.0007665707665707666
257,2018-06-07 15:29:49.697411,0.001,1.000001000001e-09,3361,0.0004220994220994221
258,2018-06-07 15:29:52.106446,0.002,2.000002000002e-09,4574,0.0005737825737825738
259,2018-06-07 15:29:54.383228,0.001,1.000001000001e-09,1747,0.00022033022033022035
260,2018-06-07 15:29:56.631478,0.001,1.000001000001e-09,2270,0.00028575728575728576
261,2018-06-07 15:29:58.947320,0.002,2.000002000002e-09,7896,0.000988946988946989
262,2018-06-07 15:30:01.249036,0.002,2.000002000002e-09,6035,0.0007563487563487564
263,2018-06-07 15:30:03.769005,0.002,2.000002000002e-09,5300,0.0006644546644546644
264,2018-06-07 15:30:06.079497,0.001,1.000001000001e-09,1838,0.00023167323167323168
265,2018-06-07 15:30:08.609171,0.002,2.000002000002e-09,7862,0.0009847649847649848
266,2018-06-07 15:30:10.896134,0.002,2.000002000002e-09,4038,0.0005067225067225068
267,2018-06-07 15:30:13.040494,0.002,2.000002000002e-09,4840,0.000606970606970607
268,2018-06-07 15:30:15.378331,0.002,2.000002000002e-09,6461,0.0008095928095928096
269,2018-06-07 15:30:16.513902,0.0004,4.0000400004000045e-09,1069,0.00013564135641356415
270,2018-06-07 15:30:19.252198,0.002,2.000002000002e-09,6324,0.0007925087925087926
271,2018-06-07 15:30:21.528478,0.001,1.000001000001e-09,1774,0.00022372322372322373
272,2018-06-07 15:30:23.823198,0.002,2.000002000002e-09,7422,0.0009297429297429298
273,2018-06-07 15:30:26.250768,0.002,2.000002000002e-09,5141,0.0006446046446046446
274,2018-06-07 15:30:28.667050,0.001,1.000001000001e-09,3242,0.0004072724072724073
275,2018-06-07 15:30:31.058587,0.001,1.000001000001e-09,1865,0.0002351032351032351
276,2018-06-07 15:30:33.477190,0.002,2.000002000002e-09,7302,0.0009147009147009147
277,2018-06-07 15:30:35.876212,0.002,2.000002000002e-09,6425,0.000805064805064805
278,2018-06-07 15:30:38.157587,0.002,2.000002000002e-09,4456,0.0005589405589405589
279,2018-06-07 15:30:39.098825,0.0004,4.0000400004000045e-09,1231,0.00015585355853558536
280,2018-06-07 15:30:41.407455,0.002,2.000002000002e-09,4940,0.0006194346194346195
281,2018-06-07 15:30:43.716869,0.002,2.000002000002e-09,5981,0.0007495367495367496
282,2018-06-07 15:30:46.112965,0.002,2.000002000002e-09,7020,0.0008795088795088796
283,2018-06-07 15:30:47.034644,0.0004,4.0000400004000045e-09,1199,0.00015191751917519177
284,2018-06-07 15:30:49.387581,0.001,1.000001000001e-09,3258,0.00040923840923840925
285,2018-06-07 15:30:51.841818,0.002,2.000002000002e-09,6320,0.0007919047919047919
286,2018-06-07 15:30:53.978002,0.002,2.000002000002e-09,6731,0.0008433368433368434
287,2018-06-07 15:30:56.360951,0.001,1.000001000001e-09,2787,0.0003503933503933504
288,2018-06-07 15:30:58.967420,0.002,2.000002000002e-09,6771,0.0008483208483208483
289,2018-06-07 15:31:01.445993,0.001,1.000001000001e-09,3195,0.00040134840134840134
290,2018-06-07 15:31:03.965013,0.002,2.000002000002e-09,7660,0.0009594489594489595
291,2018-06-07 15:31:06.439583,0.002,2.000002000002e-09,5772,0.0007234747234747235
292,2018-06-07 15:31:07.412490,0.0004,4.0000400004000045e-09,1135,0.00014383743837438376
293,2018-06-07 15:31:09.630266,0.001,1.000001000001e-09,2768,0.0003480433480433481
294,2018-06-07 15:31:11.800785,0.001,1.000001000001e-09,2598,0.00032671232671232673
295,2018-06-07 15:31:14.242983,0.002,2.000002000002e-09,5843,0.0007323307323307323
296,2018-06-07 15:31:16.634048,0.002,2.000002000002e-09,4722,0.0005922245922245922
297,2018-06-07 15:31:19.212209,0.001,1.000001000001e-09,2849,0.00035810535810535814
298,2018-06-07 15:31:21.413985,0.001,1.000001000001e-09,2676,0.00033642733642733644
299,2018-06-07 15:31:23.981183,0.002,2.000002000002e-09,5369,0.0006730586730586731
300,2018-06-07 15:31:26.054848,0.002,2.000002000002e-09,7760,0.0009719169719169719
301,2018-06-07 15:31:28.338131,0.002,2.000002000002e-09,4561,0.0005720805720805721
302,2018-06-07 15:31:29.399308,0.0004,4.0000400004000045e-09,1541,0.0001946179461794618
303,2018-06-07 15:31:30.409469,0.0004,4.0000400004000045e-09,1218,0.00015420554205542057
304,2018-06-07 15:31:32.900800,0.002,2.000002000002e-09,6168,0.000772968772968773
305,2018-06-07 15:31:35.292287,0.002,2.000002000002e-09,7925,0.0009925849925849926
306,2018-06-07 15:31:37.831260,0.002,2.000002000002e-09,6618,0.0008291888291888292
307,2018-06-07 15:31:40.238723,0.002,2.000002000002e-09,6076,0.0007614927614927615
308,2018-06-07 15:31:42.554787,0.002,2.000002000002e-09,4997,0.0006265806265806266
309,2018-06-07 15:31:44.741604,0.002,2.000002000002e-09,6916,0.0008664028664028664
310,2018-06-07 15:31:45.681758,0.0004,4.0000400004000045e-09,1329,0.0001681656816568166
311,2018-06-07 15:31:48.606949,0.002,2.000002000002e-09,6139,0.0007693407693407693
312,2018-06-07 15:31:50.784625,0.002,2.000002000002e-09,7457,0.000934048934048934
313,2018-06-07 15:31:52.999476,0.001,1.000001000001e-09,2483,0.00031234131234131237
314,2018-06-07 15:31:55.449747,0.002,2.000002000002e-09,6280,0.000786916786916787
315,2018-06-07 15:31:58.025001,0.001,1.000001000001e-09,3799,0.0004768504768504769
316,2018-06-07 15:32:00.487999,0.002,2.000002000002e-09,6752,0.000845938845938846
317,2018-06-07 15:32:03.461102,0.001,1.000001000001e-09,3359,0.0004219034219034219
318,2018-06-07 15:32:05.627245,0.001,1.000001000001e-09,3695,0.0004638084638084638
319,2018-06-07 15:32:07.962588,0.001,1.000001000001e-09,1740,0.00021945721945721946
320,2018-06-07 15:32:10.560987,0.001,1.000001000001e-09,3055,0.0003838513838513839
321,2018-06-07 15:32:13.236893,0.002,2.000002000002e-09,7498,0.0009392509392509393
322,2018-06-07 15:32:15.334749,0.001,1.000001000001e-09,1677,0.00021163721163721164
323,2018-06-07 15:32:16.376473,0.0004,4.0000400004000045e-09,1536,0.00019400994009940103
324,2018-06-07 15:32:18.668947,0.002,2.000002000002e-09,5643,0.0007073567073567074
325,2018-06-07 15:32:21.162449,0.002,2.000002000002e-09,7660,0.0009594829594829596
326,2018-06-07 15:32:23.461809,0.002,2.000002000002e-09,6565,0.0008225888225888227
327,2018-06-07 15:32:25.711287,0.002,2.000002000002e-09,7378,0.0009241889241889242
328,2018-06-07 15:32:28.290580,0.001,1.000001000001e-09,1662,0.00020973220973220973
329,2018-06-07 15:32:29.259414,0.0004,4.0000400004000045e-09,1269,0.00016055760557605577
330,2018-06-07 15:32:31.477849,0.001,1.000001000001e-09,3464,0.00043496143496143496
331,2018-06-07 15:32:33.818915,0.002,2.000002000002e-09,7590,0.0009507429507429508
332,2018-06-07 15:32:36.081329,0.001,1.000001000001e-09,3406,0.00042772642772642775
333,2018-06-07 15:32:38.518815,0.002,2.000002000002e-09,5466,0.0006851426851426851
334,2018-06-07 15:32:40.768390,0.002,2.000002000002e-09,6793,0.000851040851040851
335,2018-06-07 15:32:43.031088,0.001,1.000001000001e-09,2612,0.00032846132846132845
336,2018-06-07 15:32:45.294430,0.001,1.000001000001e-09,2569,0.00032316732316732316
337,2018-06-07 15:32:47.579203,0.001,1.000001000001e-09,2918,0.0003666813666813667
338,2018-06-07 15:32:49.878763,0.002,2.000002000002e-09,6256,0.000783952783952784
339,2018-06-07 15:32:52.084482,0.001,1.000001000001e-09,3296,0.00041399741399741403
340,2018-06-07 15:32:54.621139,0.002,2.000002000002e-09,7812,0.0009784389784389784
341,2018-06-07 15:32:57.037300,0.002,2.000002000002e-09,5420,0.0006794926794926795
342,2018-06-07 15:32:59.354960,0.002,2.000002000002e-09,5056,0.000634000634000634
343,2018-06-07 15:33:01.817608,0.001,1.000001000001e-09,2628,0.00033051433051433055
344,2018-06-07 15:33:04.282496,0.002,2.000002000002e-09,6534,0.0008186508186508187
345,2018-06-07 15:33:06.739858,0.001,1.000001000001e-09,3224,0.000404978404978405
346,2018-06-07 15:33:09.481397,0.001,1.000001000001e-09,3174,0.0003986673986673987
347,2018-06-07 15:33:11.889997,0.002,2.000002000002e-09,4367,0.0005478045478045479
348,2018-06-07 15:33:14.095472,0.002,2.000002000002e-09,7598,0.0009517609517609518
349,2018-06-07 15:33:15.022504,0.0004,4.0000400004000045e-09,884,0.00011246512465124652
350,2018-06-07 15:33:17.353856,0.002,2.000002000002e-09,4118,0.0005167365167365167
351,2018-06-07 15:33:19.787931,0.001,1.000001000001e-09,2116,0.0002664322664322664
352,2018-06-07 15:33:22.082008,0.002,2.000002000002e-09,5870,0.0007357407357407357
353,2018-06-07 15:33:24.260637,0.002,2.000002000002e-09,5951,0.0007458327458327458
354,2018-06-07 15:33:26.620485,0.001,1.000001000001e-09,2206,0.0002777402777402777
355,2018-06-07 15:33:29.071369,0.002,2.000002000002e-09,5512,0.000690940690940691
356,2018-06-07 15:33:31.460423,0.002,2.000002000002e-09,6347,0.0007953407953407954
357,2018-06-07 15:33:33.763756,0.001,1.000001000001e-09,2990,0.0003757033757033757
358,2018-06-07 15:33:36.423102,0.001,1.000001000001e-09,2998,0.0003767073767073767
359,2018-06-07 15:33:37.555668,0.0004,4.0000400004000045e-09,1039,0.00013191331913319136
360,2018-06-07 15:33:39.952548,0.002,2.000002000002e-09,7388,0.0009254069254069254
361,2018-06-07 15:33:42.262105,0.001,1.000001000001e-09,1992,0.000250994250994251
362,2018-06-07 15:33:43.269816,0.0004,4.0000400004000045e-09,1389,0.000175549755497555
363,2018-06-07 15:33:45.714980,0.002,2.000002000002e-09,5344,0.0006698926698926699
364,2018-06-07 15:33:48.051837,0.002,2.000002000002e-09,5884,0.0007374427374427375
365,2018-06-07 15:33:50.868755,0.002,2.000002000002e-09,5926,0.0007427287427287428
366,2018-06-07 15:33:53.254395,0.002,2.000002000002e-09,4140,0.0005194685194685194
367,2018-06-07 15:33:55.592150,0.002,2.000002000002e-09,4195,0.0005263665263665263
368,2018-06-07 15:33:56.576120,0.0004,4.0000400004000045e-09,1152,0.00014600546005460056
369,2018-06-07 15:33:59.122072,0.002,2.000002000002e-09,6160,0.0007719427719427719
370,2018-06-07 15:34:01.440704,0.001,1.000001000001e-09,2195,0.0002763002763002763
371,2018-06-07 15:34:03.990786,0.001,1.000001000001e-09,3373,0.00042352342352342356
372,2018-06-07 15:34:06.310214,0.002,2.000002000002e-09,4691,0.0005882625882625883
373,2018-06-07 15:34:08.904508,0.002,2.000002000002e-09,4880,0.000611940611940612
374,2018-06-07 15:34:11.254321,0.002,2.000002000002e-09,5135,0.0006438726438726439
375,2018-06-07 15:34:13.799671,0.002,2.000002000002e-09,4972,0.0006234886234886235
376,2018-06-07 15:34:16.088918,0.002,2.000002000002e-09,4294,0.0005387345387345388
377,2018-06-07 15:34:17.031496,0.0004,4.0000400004000045e-09,1231,0.00015582155821558218
378,2018-06-07 15:34:19.516785,0.001,1.000001000001e-09,3430,0.0004306924306924307
379,2018-06-07 15:34:21.872395,0.002,2.000002000002e-09,4272,0.000535960535960536
380,2018-06-07 15:34:24.202837,0.002,2.000002000002e-09,6152,0.000770976770976771
381,2018-06-07 15:34:26.808395,0.002,2.000002000002e-09,7239,0.0009068209068209068
382,2018-06-07 15:34:29.004607,0.002,2.000002000002e-09,6968,0.000872950872950873
383,2018-06-07 15:34:31.216961,0.001,1.000001000001e-09,1921,0.00024206024206024207
384,2018-06-07 15:34:33.420812,0.001,1.000001000001e-09,3633,0.0004560784560784561
385,2018-06-07 15:34:36.085984,0.002,2.000002000002e-09,5522,0.0006922126922126922
386,2018-06-07 15:34:37.094366,0.0004,4.0000400004000045e-09,1365,0.00017260172601726018
387,2018-06-07 15:34:39.783352,0.002,2.000002000002e-09,4012,0.0005033945033945034
388,2018-06-07 15:34:42.195129,0.001,1.000001000001e-09,3265,0.0004101204101204101
389,2018-06-07 15:34:43.135462,0.0004,4.0000400004000045e-09,1308,0.0001654856548565486
390,2018-06-07 15:34:44.140535,0.0004,4.0000400004000045e-09,1533,0.00019350993509935103
391,2018-06-07 15:34:46.154431,0.001,1.000001000001e-09,3252,0.0004084924084924085
392,2018-06-07 15:34:48.512345,0.001,1.000001000001e-09,1780,0.0002243892243892244
393,2018-06-07 15:34:50.887312,0.001,1.000001000001e-09,2698,0.0003392373392373392
394,2018-06-07 15:34:53.193280,0.002,2.000002000002e-09,4613,0.0005785905785905786
395,2018-06-07 15:34:54.132008,0.0004,4.0000400004000045e-09,1409,0.0001781017810178102
396,2018-06-07 15:34:56.381192,0.002,2.000002000002e-09,7219,0.0009042869042869043
397,2018-06-07 15:34:58.709578,0.002,2.000002000002e-09,5914,0.0007412447412447412
398,2018-06-07 15:35:00.983586,0.002,2.000002000002e-09,6827,0.0008553568553568554
399,2018-06-07 15:35:03.189197,0.001,1.000001000001e-09,3520,0.00044195844195844196
400,2018-06-07 15:35:05.514582,0.001,1.000001000001e-09,2499,0.00031433931433931436
401,2018-06-07 15:35:07.747308,0.002,2.000002000002e-09,7714,0.0009661509661509661
402,2018-06-07 15:35:09.852572,0.002,2.000002000002e-09,4900,0.0006144866144866145
403,2018-06-07 15:35:11.963610,0.002,2.000002000002e-09,7508,0.0009403969403969405
404,2018-06-07 15:35:12.945679,0.0004,4.0000400004000045e-09,877,0.00011159711597115973
405,2018-06-07 15:35:15.168735,0.001,1.000001000001e-09,2010,0.00025322325322325325
406,2018-06-07 15:35:17.470497,0.001,1.000001000001e-09,1749,0.00022053422053422054
407,2018-06-07 15:35:19.768511,0.002,2.000002000002e-09,7155,0.0008962968962968963
408,2018-06-07 15:35:22.214445,0.002,2.000002000002e-09,6805,0.0008526228526228527
409,2018-06-07 15:35:24.299412,0.001,1.000001000001e-09,1732,0.0002184922184922185
410,2018-06-07 15:35:26.583573,0.002,2.000002000002e-09,6791,0.0008507688507688508
411,2018-06-07 15:35:28.707200,0.002,2.000002000002e-09,4953,0.000621042621042621
412,2018-06-07 15:35:30.647697,0.002,2.000002000002e-09,6352,0.000795996795996796
413,2018-06-07 15:35:32.950283,0.002,2.000002000002e-09,7399,0.0009268149268149269
414,2018-06-07 15:35:33.881245,0.0004,4.0000400004000045e-09,1509,0.00019051390513905142
415,2018-06-07 15:35:36.120332,0.001,1.000001000001e-09,2714,0.0003411873411873412
416,2018-06-07 15:35:38.527267,0.002,2.000002000002e-09,5209,0.000653062653062653
417,2018-06-07 15:35:40.941313,0.001,1.000001000001e-09,2918,0.0003666793666793667
418,2018-06-07 15:35:43.310033,0.001,1.000001000001e-09,1899,0.00023937123937123938
419,2018-06-07 15:35:45.768994,0.001,1.000001000001e-09,3033,0.0003810403810403811
420,2018-06-07 15:35:48.284159,0.002,2.000002000002e-09,6885,0.0008625808625808626
421,2018-06-07 15:35:50.569193,0.002,2.000002000002e-09,7309,0.0009155749155749156
422,2018-06-07 15:35:52.921887,0.001,1.000001000001e-09,2373,0.00029852829852829854
423,2018-06-07 15:35:55.305758,0.002,2.000002000002e-09,6400,0.000801960801960802
424,2018-06-07 15:35:57.436113,0.002,2.000002000002e-09,7544,0.000944988944988945
425,2018-06-07 15:35:59.609664,0.002,2.000002000002e-09,4987,0.0006253826253826254
426,2018-06-07 15:36:01.755631,0.002,2.000002000002e-09,6820,0.0008544768544768545
427,2018-06-07 15:36:04.082784,0.002,2.000002000002e-09,7169,0.0008981308981308981
428,2018-06-07 15:36:06.557045,0.002,2.000002000002e-09,7810,0.000978150978150978
429,2018-06-07 15:36:08.707052,0.002,2.000002000002e-09,4378,0.0005491865491865492
430,2018-06-07 15:36:11.067251,0.002,2.000002000002e-09,5016,0.000628968628968629
431,2018-06-07 15:36:13.272167,0.002,2.000002000002e-09,5541,0.0006945646945646945
432,2018-06-07 15:36:15.361257,0.002,2.000002000002e-09,7619,0.0009542809542809543
433,2018-06-07 15:36:17.570515,0.001,1.000001000001e-09,3674,0.0004612054612054612
434,2018-06-07 15:36:18.515276,0.0004,4.0000400004000045e-09,1262,0.00015979359793597938
435,2018-06-07 15:36:20.708540,0.001,1.000001000001e-09,3546,0.0004451924451924452
436,2018-06-07 15:36:22.977822,0.002,2.000002000002e-09,4994,0.0006261846261846262
437,2018-06-07 15:36:23.917309,0.0004,4.0000400004000045e-09,984,0.00012495724957249573
438,2018-06-07 15:36:26.080922,0.002,2.000002000002e-09,6593,0.0008260888260888261
439,2018-06-07 15:36:27.099994,0.0004,4.0000400004000045e-09,1462,0.000184749847498475
440,2018-06-07 15:36:28.067790,0.0004,4.0000400004000045e-09,1206,0.00015270552705527057
441,2018-06-07 15:36:30.190878,0.002,2.000002000002e-09,5174,0.0006487546487546487
442,2018-06-07 15:36:32.508525,0.002,2.000002000002e-09,7604,0.0009524489524489524
443,2018-06-07 15:36:34.782740,0.002,2.000002000002e-09,6546,0.0008202288202288203
444,2018-06-07 15:36:36.970903,0.002,2.000002000002e-09,4803,0.0006023106023106023
445,2018-06-07 15:36:39.108813,0.002,2.000002000002e-09,7055,0.0008838588838588839
446,2018-06-07 15:36:41.248185,0.001,1.000001000001e-09,1679,0.0002118112118112118
447,2018-06-07 15:36:43.775180,0.001,1.000001000001e-09,3264,0.00040992840992840995
448,2018-06-07 15:36:46.281989,0.002,2.000002000002e-09,4605,0.0005776685776685777
449,2018-06-07 15:36:48.649321,0.001,1.000001000001e-09,3003,0.0003774103774103774
450,2018-06-07 15:36:50.884984,0.002,2.000002000002e-09,6282,0.0007871907871907872
451,2018-06-07 15:36:53.248346,0.001,1.000001000001e-09,1603,0.00020231120231120232
452,2018-06-07 15:36:54.200194,0.0004,4.0000400004000045e-09,1042,0.00013224132241322414
453,2018-06-07 15:36:56.878959,0.002,2.000002000002e-09,5024,0.00063002863002863
454,2018-06-07 15:36:59.213417,0.001,1.000001000001e-09,2237,0.0002815602815602816
455,2018-06-07 15:37:01.554015,0.002,2.000002000002e-09,7800,0.0009769309769309769
456,2018-06-07 15:37:03.741566,0.001,1.000001000001e-09,2739,0.00034441034441034445
457,2018-06-07 15:37:05.970391,0.001,1.000001000001e-09,2001,0.0002520582520582521
458,2018-06-07 15:37:08.322784,0.002,2.000002000002e-09,4787,0.0006003166003166003
459,2018-06-07 15:37:10.461963,0.002,2.000002000002e-09,5526,0.0006927826927826928
460,2018-06-07 15:37:11.514247,0.0004,4.0000400004000045e-09,988,0.00012554125541255415
461,2018-06-07 15:37:14.344606,0.002,2.000002000002e-09,5970,0.0007482327482327483
462,2018-06-07 15:37:16.654801,0.002,2.000002000002e-09,4544,0.00056997456997457
463,2018-06-07 15:37:18.925108,0.001,1.000001000001e-09,2065,0.00026015126015126015
464,2018-06-07 15:37:19.869025,0.0004,4.0000400004000045e-09,1164,0.00014753347533475337
465,2018-06-07 15:37:22.180948,0.001,1.000001000001e-09,3053,0.00038363338363338366
466,2018-06-07 15:37:24.615949,0.002,2.000002000002e-09,7117,0.0008915288915288916
467,2018-06-07 15:37:25.640508,0.0004,4.0000400004000045e-09,1500,0.0001894818948189482
468,2018-06-07 15:37:27.893049,0.002,2.000002000002e-09,4156,0.0005214665214665215
469,2018-06-07 15:37:29.989835,0.002,2.000002000002e-09,4451,0.0005584105584105584
470,2018-06-07 15:37:31.044895,0.0004,4.0000400004000045e-09,909,0.00011561715617156173
471,2018-06-07 15:37:32.071765,0.0004,4.0000400004000045e-09,900,0.00011452514525145253
472,2018-06-07 15:37:34.378883,0.002,2.000002000002e-09,7953,0.000996094996094996
473,2018-06-07 15:37:36.654455,0.001,1.000001000001e-09,3798,0.0004767954767954768
474,2018-06-07 15:37:38.792351,0.001,1.000001000001e-09,2061,0.00025961825961825965
475,2018-06-07 15:37:40.952271,0.002,2.000002000002e-09,7521,0.0009420209420209421
476,2018-06-07 15:37:43.522827,0.001,1.000001000001e-09,3794,0.0004761844761844762
477,2018-06-07 15:37:46.050918,0.001,1.000001000001e-09,3754,0.0004712604712604713
478,2018-06-07 15:37:48.368923,0.001,1.000001000001e-09,3130,0.0003932043932043932
479,2018-06-07 15:37:50.597849,0.001,1.000001000001e-09,1856,0.000233987233987234
480,2018-06-07 15:37:53.280560,0.001,1.000001000001e-09,1748,0.00022043622043622045
481,2018-06-07 15:37:55.679535,0.001,1.000001000001e-09,2578,0.0003242893242893243
482,2018-06-07 15:37:58.203737,0.002,2.000002000002e-09,5023,0.0006298346298346299
483,2018-06-07 15:38:00.521092,0.002,2.000002000002e-09,5195,0.0006513106513106514
484,2018-06-07 15:38:02.679835,0.002,2.000002000002e-09,5538,0.0006942066942066942
485,2018-06-07 15:38:03.691707,0.0004,4.0000400004000045e-09,1099,0.00013934139341393415
486,2018-06-07 15:38:06.065467,0.001,1.000001000001e-09,3228,0.00040544540544540543
487,2018-06-07 15:38:08.211808,0.002,2.000002000002e-09,6396,0.0008014888014888015
488,2018-06-07 15:38:10.358547,0.002,2.000002000002e-09,5069,0.0006356246356246356
489,2018-06-07 15:38:12.470879,0.002,2.000002000002e-09,7275,0.0009113389113389114
490,2018-06-07 15:38:14.724262,0.001,1.000001000001e-09,2354,0.00029625129625129626
491,2018-06-07 15:38:17.063651,0.002,2.000002000002e-09,6239,0.0007818787818787819
492,2018-06-07 15:38:19.226858,0.002,2.000002000002e-09,6910,0.0008657308657308658
493,2018-06-07 15:38:21.335527,0.001,1.000001000001e-09,3471,0.00043587043587043587
494,2018-06-07 15:38:23.405510,0.001,1.000001000001e-09,3514,0.0004411754411754412
495,2018-06-07 15:38:25.510281,0.002,2.000002000002e-09,6361,0.0007970907970907971
496,2018-06-07 15:38:27.862407,0.001,1.000001000001e-09,2086,0.0002626932626932627
497,2018-06-07 15:38:28.843008,0.0004,4.0000400004000045e-09,1453,0.0001836338363383634
498,2018-06-07 15:38:29.816680,0.0004,4.0000400004000045e-09,1597,0.00020157001570015703
499,2018-06-07 15:38:32.284954,0.001,1.000001000001e-09,3726,0.0004676804676804677
500,2018-06-07 15:38:34.569817,0.001,1.000001000001e-09,2063,0.0002598212598212598
501,2018-06-07 15:38:37.032146,0.002,2.000002000002e-09,6032,0.000755964755964756
502,2018-06-07 15:38:39.292287,0.001,1.000001000001e-09,1763,0.0002222962222962223
503,2018-06-07 15:38:41.530749,0.002,2.000002000002e-09,4885,0.0006126166126166127
504,2018-06-07 15:38:43.725721,0.001,1.000001000001e-09,3496,0.00043894543894543896
505,2018-06-07 15:38:46.198830,0.002,2.000002000002e-09,5508,0.0006904906904906905
506,2018-06-07 15:38:48.558419,0.001,1.000001000001e-09,2636,0.00033154433154433156
507,2018-06-07 15:38:50.792973,0.002,2.000002000002e-09,5970,0.0007481927481927482
508,2018-06-07 15:38:51.773873,0.0004,4.0000400004000045e-09,1197,0.00015163751637516378
509,2018-06-07 15:38:52.741394,0.0004,4.0000400004000045e-09,1424,0.0001799417994179942
510,2018-06-07 15:38:55.213548,0.002,2.000002000002e-09,7183,0.0008998688998689
511,2018-06-07 15:38:57.496639,0.002,2.000002000002e-09,4567,0.0005728985728985729
512,2018-06-07 15:38:59.774328,0.001,1.000001000001e-09,2839,0.00035685035685035685
513,2018-06-07 15:39:02.413051,0.002,2.000002000002e-09,6160,0.000772002772002772
514,2018-06-07 15:39:04.697817,0.001,1.000001000001e-09,2741,0.0003446043446043446
515,2018-06-07 15:39:07.043251,0.001,1.000001000001e-09,2897,0.00036413236413236416
516,2018-06-07 15:39:09.419688,0.002,2.000002000002e-09,7799,0.000976880976880977
517,2018-06-07 15:39:11.974300,0.001,1.000001000001e-09,3962,0.0004972744972744973
518,2018-06-07 15:39:14.541285,0.002,2.000002000002e-09,7096,0.0008890028890028891
519,2018-06-07 15:39:17.133804,0.002,2.000002000002e-09,6940,0.0008694208694208695
520,2018-06-07 15:39:18.184091,0.0004,4.0000400004000045e-09,842,0.00010724107241072412
521,2018-06-07 15:39:20.704519,0.002,2.000002000002e-09,5037,0.0006315986315986316
522,2018-06-07 15:39:22.862126,0.001,1.000001000001e-09,3483,0.0004373934373934374
523,2018-06-07 15:39:25.065185,0.002,2.000002000002e-09,6809,0.0008530208530208531
524,2018-06-07 15:39:27.472369,0.002,2.000002000002e-09,4641,0.0005820705820705821
525,2018-06-07 15:39:29.744279,0.002,2.000002000002e-09,7290,0.0009132409132409133
526,2018-06-07 15:39:32.078130,0.002,2.000002000002e-09,5315,0.0006662666662666663
527,2018-06-07 15:39:34.439561,0.002,2.000002000002e-09,5738,0.0007192587192587193
528,2018-06-07 15:39:36.560941,0.001,1.000001000001e-09,1707,0.00021531621531621533
529,2018-06-07 15:39:38.860100,0.002,2.000002000002e-09,5684,0.0007124567124567124
530,2018-06-07 15:39:41.447913,0.001,1.000001000001e-09,3605,0.00045255245255245254
531,2018-06-07 15:39:43.868276,0.001,1.000001000001e-09,2255,0.00028388328388328387
532,2018-06-07 15:39:46.441092,0.002,2.000002000002e-09,4135,0.0005189185189185189
533,2018-06-07 15:39:49.037907,0.001,1.000001000001e-09,3240,0.00040695740695740696
534,2018-06-07 15:39:51.281062,0.002,2.000002000002e-09,5557,0.0006966006966006966
535,2018-06-07 15:39:53.490273,0.002,2.000002000002e-09,4473,0.0005610985610985611
536,2018-06-07 15:39:55.737319,0.002,2.000002000002e-09,7782,0.0009746489746489746
537,2018-06-07 15:39:57.957899,0.002,2.000002000002e-09,4458,0.0005592465592465592
538,2018-06-07 15:40:00.291280,0.002,2.000002000002e-09,7339,0.0009193149193149193
539,2018-06-07 15:40:01.271353,0.0004,4.0000400004000045e-09,842,0.00010717707177071771
540,2018-06-07 15:40:03.507629,0.001,1.000001000001e-09,2371,0.00029835929835929836
541,2018-06-07 15:40:05.797083,0.002,2.000002000002e-09,5254,0.0006587426587426588
542,2018-06-07 15:40:06.729745,0.0004,4.0000400004000045e-09,1475,0.000186409864098641
543,2018-06-07 15:40:08.837002,0.001,1.000001000001e-09,3158,0.0003967263967263967
544,2018-06-07 15:40:11.396776,0.002,2.000002000002e-09,7638,0.0009567589567589568
545,2018-06-07 15:40:13.608908,0.002,2.000002000002e-09,4979,0.0006243226243226244
546,2018-06-07 15:40:15.858785,0.002,2.000002000002e-09,7980,0.0009994949994949994
547,2018-06-07 15:40:18.071921,0.002,2.000002000002e-09,6585,0.0008250768250768251
548,2018-06-07 15:40:20.768804,0.001,1.000001000001e-09,3166,0.00039774039774039774
549,2018-06-07 15:40:23.120261,0.001,1.000001000001e-09,2317,0.00029162029162029164
550,2018-06-07 15:40:25.469888,0.001,1.000001000001e-09,2766,0.0003477723477723478
551,2018-06-07 15:40:27.758512,0.002,2.000002000002e-09,5474,0.0006862106862106862
552,2018-06-07 15:40:30.054213,0.002,2.000002000002e-09,6282,0.0007871387871387871
553,2018-06-07 15:40:32.366738,0.002,2.000002000002e-09,5177,0.0006491286491286492
554,2018-06-07 15:40:34.815527,0.002,2.000002000002e-09,4724,0.0005924105924105924
555,2018-06-07 15:40:37.259184,0.002,2.000002000002e-09,4401,0.0005521085521085522
556,2018-06-07 15:40:39.319818,0.002,2.000002000002e-09,5257,0.0006591066591066591
557,2018-06-07 15:40:41.599884,0.002,2.000002000002e-09,7998,0.0010017290017290017
558,2018-06-07 15:40:43.922836,0.001,1.000001000001e-09,2567,0.0003229003229003229
559,2018-06-07 15:40:46.476598,0.002,2.000002000002e-09,5381,0.0006745526745526746
560,2018-06-07 15:40:47.486743,0.0004,4.0000400004000045e-09,1504,0.0001899618996189962
561,2018-06-07 15:40:49.771631,0.001,1.000001000001e-09,3922,0.0004922174922174922
562,2018-06-07 15:40:52.261668,0.002,2.000002000002e-09,7242,0.0009072169072169073
563,2018-06-07 15:40:54.525833,0.001,1.000001000001e-09,3419,0.0004294074294074294
564,2018-06-07 15:40:57.006766,0.002,2.000002000002e-09,5802,0.0007271587271587272
565,2018-06-07 15:40:59.214253,0.002,2.000002000002e-09,4443,0.0005572845572845573
566,2018-06-07 15:41:01.575537,0.001,1.000001000001e-09,3588,0.00045041745041745046
567,2018-06-07 15:41:03.914668,0.002,2.000002000002e-09,7373,0.0009236049236049236
568,2018-06-07 15:41:06.092870,0.002,2.000002000002e-09,6888,0.000862922862922863
569,2018-06-07 15:41:07.084139,0.0004,4.0000400004000045e-09,1123,0.00014235742357423576
570,2018-06-07 15:41:09.475868,0.001,1.000001000001e-09,3296,0.00041402141402141403
571,2018-06-07 15:41:11.838059,0.002,2.000002000002e-09,4377,0.0005491085491085491
572,2018-06-07 15:41:14.070109,0.001,1.000001000001e-09,1990,0.0002507742507742508
573,2018-06-07 15:41:16.347642,0.002,2.000002000002e-09,5728,0.000717948717948718
574,2018-06-07 15:41:18.461326,0.002,2.000002000002e-09,6233,0.0007810707810707811
575,2018-06-07 15:41:20.810134,0.002,2.000002000002e-09,7667,0.0009602849602849603
576,2018-06-07 15:41:23.070279,0.001,1.000001000001e-09,2839,0.00035684035684035683
577,2018-06-07 15:41:25.390116,0.001,1.000001000001e-09,2888,0.000362956362956363
578,2018-06-07 15:41:27.621966,0.002,2.000002000002e-09,6250,0.0007831747831747831
579,2018-06-07 15:41:29.923951,0.002,2.000002000002e-09,5459,0.0006842946842946843
580,2018-06-07 15:41:31.950035,0.001,1.000001000001e-09,3281,0.00041203141203141207
581,2018-06-07 15:41:34.233950,0.001,1.000001000001e-09,2961,0.0003720763720763721
582,2018-06-07 15:41:36.450450,0.001,1.000001000001e-09,3403,0.00042730442730442734
583,2018-06-07 15:41:38.774392,0.001,1.000001000001e-09,2589,0.00032567132567132566
584,2018-06-07 15:41:41.258734,0.002,2.000002000002e-09,4699,0.0005893505893505894
585,2018-06-07 15:41:43.519965,0.002,2.000002000002e-09,5042,0.0006322106322106323
586,2018-06-07 15:41:45.748344,0.002,2.000002000002e-09,4438,0.0005567025567025567
587,2018-06-07 15:41:47.815671,0.001,1.000001000001e-09,2657,0.00033404733404733403
588,2018-06-07 15:41:50.052546,0.001,1.000001000001e-09,2354,0.0002962612962612963
589,2018-06-07 15:41:52.408086,0.002,2.000002000002e-09,7486,0.0009377189377189377
590,2018-06-07 15:41:54.837030,0.001,1.000001000001e-09,3662,0.00045970845970845975
591,2018-06-07 15:41:57.300443,0.002,2.000002000002e-09,4498,0.0005641625641625642
592,2018-06-07 15:41:59.502675,0.001,1.000001000001e-09,2723,0.0003423733423733424
593,2018-06-07 15:42:00.499181,0.0004,4.0000400004000045e-09,998,0.00012676526765267654
594,2018-06-07 15:42:01.459925,0.0004,4.0000400004000045e-09,1531,0.000193349933499335
595,2018-06-07 15:42:04.055828,0.002,2.000002000002e-09,4956,0.0006214526214526214
596,2018-06-07 15:42:06.384752,0.002,2.000002000002e-09,4447,0.0005578705578705579
597,2018-06-07 15:42:08.660570,0.002,2.000002000002e-09,5239,0.0006568506568506568
598,2018-06-07 15:42:10.964845,0.002,2.000002000002e-09,4052,0.0005084925084925086
599,2018-06-07 15:42:13.261906,0.001,1.000001000001e-09,1989,0.00025063125063125064
600,2018-06-07 15:42:15.241244,0.001,1.000001000001e-09,3174,0.00039864639864639867
601,2018-06-07 15:42:17.453901,0.002,2.000002000002e-09,7133,0.0008936228936228936
602,2018-06-07 15:42:19.659754,0.002,2.000002000002e-09,7667,0.0009602949602949603
603,2018-06-07 15:42:22.150485,0.001,1.000001000001e-09,2422,0.0003047083047083047
604,2018-06-07 15:42:24.351069,0.002,2.000002000002e-09,6675,0.0008363488363488363
605,2018-06-07 15:42:26.734543,0.001,1.000001000001e-09,2365,0.00029760629760629763
606,2018-06-07 15:42:29.031171,0.001,1.000001000001e-09,1880,0.000236989236989237
607,2018-06-07 15:42:31.363146,0.002,2.000002000002e-09,6410,0.0008031448031448032
608,2018-06-07 15:42:33.829092,0.002,2.000002000002e-09,7909,0.0009906269906269907
609,2018-06-07 15:42:36.069380,0.001,1.000001000001e-09,1756,0.0002215122215122215
610,2018-06-07 15:42:38.328814,0.001,1.000001000001e-09,2989,0.00037557037557037556
611,2018-06-07 15:42:40.721915,0.002,2.000002000002e-09,7017,0.000879018879018879
612,2018-06-07 15:42:41.655475,0.0004,4.0000400004000045e-09,1529,0.0001931259312593126
613,2018-06-07 15:42:43.919518,0.002,2.000002000002e-09,7367,0.0009228249228249229
614,2018-06-07 15:42:46.369955,0.002,2.000002000002e-09,7244,0.0009074609074609075
615,2018-06-07 15:42:48.690477,0.002,2.000002000002e-09,5625,0.0007051147051147052
616,2018-06-07 15:42:51.002874,0.002,2.000002000002e-09,6129,0.0007681287681287681
617,2018-06-07 15:42:52.018619,0.0004,4.0000400004000045e-09,1096,0.00013895338953389536
618,2018-06-07 15:42:54.596854,0.002,2.000002000002e-09,6185,0.0007750707750707751
619,2018-06-07 15:42:55.653389,0.0004,4.0000400004000045e-09,982,0.00012470524705247054
620,2018-06-07 15:42:57.860021,0.002,2.000002000002e-09,4014,0.0005036745036745037
621,2018-06-07 15:43:00.187178,0.002,2.000002000002e-09,4923,0.0006173806173806174
622,2018-06-07 15:43:02.421503,0.001,1.000001000001e-09,2159,0.00027183927183927186
623,2018-06-07 15:43:03.387629,0.0004,4.0000400004000045e-09,1261,0.00015959359593595938
624,2018-06-07 15:43:04.391611,0.0004,4.0000400004000045e-09,1428,0.0001804178041780418
625,2018-06-07 15:43:06.683317,0.002,2.000002000002e-09,6651,0.0008333028333028334
626,2018-06-07 15:43:09.051147,0.001,1.000001000001e-09,2631,0.0003307683307683308
627,2018-06-07 15:43:11.196176,0.002,2.000002000002e-09,5317,0.0006665446665446666
628,2018-06-07 15:43:13.486277,0.002,2.000002000002e-09,4848,0.000607952607952608
629,2018-06-07 15:43:15.753109,0.001,1.000001000001e-09,2804,0.0003524853524853525
630,2018-06-07 15:43:18.169203,0.002,2.000002000002e-09,7215,0.0009037729037729038
631,2018-06-07 15:43:19.147259,0.0004,4.0000400004000045e-09,1126,0.00014269342693426935
632,2018-06-07 15:43:21.537261,0.001,1.000001000001e-09,3366,0.0004226684226684227
633,2018-06-07 15:43:23.639386,0.002,2.000002000002e-09,4256,0.0005338945338945339
634,2018-06-07 15:43:25.725099,0.001,1.000001000001e-09,2854,0.00035874435874435874
635,2018-06-07 15:43:27.921718,0.002,2.000002000002e-09,7195,0.0009013109013109013
636,2018-06-07 15:43:30.300959,0.002,2.000002000002e-09,7561,0.0009470749470749471
637,2018-06-07 15:43:32.472206,0.002,2.000002000002e-09,7502,0.0009397349397349397
638,2018-06-07 15:43:34.807253,0.002,2.000002000002e-09,5727,0.0007178507178507179
639,2018-06-07 15:43:37.145499,0.002,2.000002000002e-09,5044,0.0006323946323946324
640,2018-06-07 15:43:38.131765,0.0004,4.0000400004000045e-09,1028,0.00013046930469304694
641,2018-06-07 15:43:40.385062,0.001,1.000001000001e-09,2540,0.0003194033194033194
642,2018-06-07 15:43:42.581295,0.001,1.000001000001e-09,2484,0.00031240931240931243
643,2018-06-07 15:43:44.978021,0.001,1.000001000001e-09,1991,0.00025085025085025083
644,2018-06-07 15:43:47.295043,0.002,2.000002000002e-09,6073,0.0007610907610907611
645,2018-06-07 15:43:49.703982,0.001,1.000001000001e-09,2076,0.00026145026145026144
646,2018-06-07 15:43:52.176706,0.001,1.000001000001e-09,3539,0.00044428044428044427
647,2018-06-07 15:43:54.651750,0.002,2.000002000002e-09,5751,0.0007208547208547209
648,2018-06-07 15:43:56.997614,0.001,1.000001000001e-09,3819,0.0004793154793154793
649,2018-06-07 15:43:58.018227,0.0004,4.0000400004000045e-09,1580,0.00019949399493994943
650,2018-06-07 15:44:00.289602,0.001,1.000001000001e-09,3493,0.0004385764385764386
651,2018-06-07 15:44:02.662070,0.002,2.000002000002e-09,7468,0.0009354409354409355
652,2018-06-07 15:44:03.735920,0.0004,4.0000400004000045e-09,1179,0.00014937349373493736
653,2018-06-07 15:44:06.292311,0.001,1.000001000001e-09,1641,0.00020702220702220703
654,2018-06-07 15:44:08.751743,0.001,1.000001000001e-09,2961,0.0003720893720893721
655,2018-06-07 15:44:11.111186,0.002,2.000002000002e-09,4667,0.0005853185853185853
656,2018-06-07 15:44:13.287430,0.002,2.000002000002e-09,4140,0.0005194625194625195
657,2018-06-07 15:44:15.540865,0.002,2.000002000002e-09,5261,0.0006595986595986596
658,2018-06-07 15:44:16.549667,0.0004,4.0000400004000045e-09,1537,0.00019406194061940621
659,2018-06-07 15:44:19.074824,0.002,2.000002000002e-09,4200,0.0005270025270025271
660,2018-06-07 15:44:21.300398,0.001,1.000001000001e-09,3854,0.0004837974837974838
661,2018-06-07 15:44:23.657299,0.002,2.000002000002e-09,5387,0.0006753486753486754
662,2018-06-07 15:44:25.900358,0.001,1.000001000001e-09,2796,0.0003514813514813515
663,2018-06-07 15:44:26.913662,0.0004,4.0000400004000045e-09,985,0.00012515325153251533
664,2018-06-07 15:44:29.132491,0.002,2.000002000002e-09,5925,0.0007425767425767426
665,2018-06-07 15:44:31.150500,0.002,2.000002000002e-09,6682,0.0008371868371868372
666,2018-06-07 15:44:33.249098,0.002,2.000002000002e-09,6998,0.0008767768767768768
667,2018-06-07 15:44:35.972803,0.002,2.000002000002e-09,4610,0.0005781565781565782
668,2018-06-07 15:44:38.920245,0.001,1.000001000001e-09,1839,0.0002318852318852319
669,2018-06-07 15:44:41.268219,0.001,1.000001000001e-09,3968,0.000497982497982498
670,2018-06-07 15:44:43.753577,0.002,2.000002000002e-09,5254,0.0006587506587506588
671,2018-06-07 15:44:45.943389,0.001,1.000001000001e-09,2755,0.0003462993462993463
672,2018-06-07 15:44:48.421389,0.001,1.000001000001e-09,3425,0.00043006143006143007
673,2018-06-07 15:44:50.927247,0.002,2.000002000002e-09,4231,0.0005309165309165309
674,2018-06-07 15:44:53.272654,0.002,2.000002000002e-09,5351,0.0006708426708426709
675,2018-06-07 15:44:55.446112,0.002,2.000002000002e-09,4959,0.0006218446218446219
676,2018-06-07 15:44:57.672040,0.002,2.000002000002e-09,4831,0.0006058966058966059
677,2018-06-07 15:44:59.794376,0.002,2.000002000002e-09,6844,0.0008575028575028576
678,2018-06-07 15:45:01.969244,0.002,2.000002000002e-09,7036,0.0008815408815408815
679,2018-06-07 15:45:04.577878,0.001,1.000001000001e-09,2414,0.0003037773037773038
680,2018-06-07 15:45:06.858389,0.002,2.000002000002e-09,5795,0.0007264167264167265
681,2018-06-07 15:45:09.230114,0.002,2.000002000002e-09,6510,0.0008156888156888157
682,2018-06-07 15:45:11.512517,0.001,1.000001000001e-09,1737,0.0002190972190972191
683,2018-06-07 15:45:13.561704,0.001,1.000001000001e-09,3486,0.00043770343770343774
684,2018-06-07 15:45:16.080102,0.002,2.000002000002e-09,4143,0.0005199165199165199
685,2018-06-07 15:45:18.604465,0.002,2.000002000002e-09,5090,0.0006382626382626383
686,2018-06-07 15:45:21.069661,0.002,2.000002000002e-09,5845,0.0007326087326087326
687,2018-06-07 15:45:23.428276,0.002,2.000002000002e-09,6929,0.000868076868076868
688,2018-06-07 15:45:25.579355,0.002,2.000002000002e-09,4405,0.0005526625526625526
689,2018-06-07 15:45:27.990078,0.002,2.000002000002e-09,7928,0.000992968992968993
690,2018-06-07 15:45:30.347869,0.002,2.000002000002e-09,4168,0.000522990522990523
691,2018-06-07 15:45:32.804098,0.002,2.000002000002e-09,5948,0.0007454607454607455
692,2018-06-07 15:45:35.499219,0.001,1.000001000001e-09,2865,0.0003600873600873601
693,2018-06-07 15:45:38.021988,0.002,2.000002000002e-09,6612,0.0008284348284348284
694,2018-06-07 15:45:39.000443,0.0004,4.0000400004000045e-09,1266,0.00016024560245602457
695,2018-06-07 15:45:41.475155,0.002,2.000002000002e-09,5705,0.0007151347151347152
696,2018-06-07 15:45:43.747254,0.002,2.000002000002e-09,4928,0.000617968617968618
697,2018-06-07 15:45:45.996997,0.001,1.000001000001e-09,3634,0.0004562724562724563
698,2018-06-07 15:45:48.354070,0.002,2.000002000002e-09,7158,0.0008966848966848967
699,2018-06-07 15:45:50.606726,0.001,1.000001000001e-09,1681,0.00021214821214821217
700,2018-06-07 15:45:51.590346,0.0004,4.0000400004000045e-09,1590,0.00020067800678006783
701,2018-06-07 15:45:53.831914,0.002,2.000002000002e-09,7055,0.0008838868838868839
702,2018-06-07 15:45:56.125942,0.001,1.000001000001e-09,2278,0.0002866922866922867
703,2018-06-07 15:45:58.667964,0.002,2.000002000002e-09,6921,0.0008670228670228671
704,2018-06-07 15:46:01.089220,0.002,2.000002000002e-09,7470,0.0009356929356929357
705,2018-06-07 15:46:03.523765,0.002,2.000002000002e-09,6537,0.0008190848190848192
706,2018-06-07 15:46:05.778094,0.002,2.000002000002e-09,7543,0.0009448589448589449
707,2018-06-07 15:46:07.891292,0.002,2.000002000002e-09,7315,0.0009163069163069163
708,2018-06-07 15:46:10.253803,0.002,2.000002000002e-09,6276,0.0007864027864027864
709,2018-06-07 15:46:12.502159,0.001,1.000001000001e-09,1732,0.00021852821852821853
710,2018-06-07 15:46:14.817601,0.002,2.000002000002e-09,5675,0.0007114067114067115
711,2018-06-07 15:46:15.763690,0.0004,4.0000400004000045e-09,1045,0.00013255732557325574
712,2018-06-07 15:46:18.260922,0.002,2.000002000002e-09,6875,0.0008613268613268613
713,2018-06-07 15:46:20.631538,0.001,1.000001000001e-09,2485,0.00031254831254831254
714,2018-06-07 15:46:23.108850,0.002,2.000002000002e-09,4292,0.0005385185385185386
715,2018-06-07 15:46:25.351358,0.001,1.000001000001e-09,2459,0.0003094193094193094
716,2018-06-07 15:46:27.800666,0.002,2.000002000002e-09,5716,0.0007164367164367165
717,2018-06-07 15:46:29.893299,0.002,2.000002000002e-09,5739,0.0007193627193627194
718,2018-06-07 15:46:32.160608,0.002,2.000002000002e-09,4381,0.0005496265496265497
719,2018-06-07 15:46:34.516193,0.002,2.000002000002e-09,5934,0.0007437067437067438
720,2018-06-07 15:46:36.838258,0.001,1.000001000001e-09,1771,0.0002234032234032234
721,2018-06-07 15:46:38.911932,0.002,2.000002000002e-09,4045,0.0005076725076725077
722,2018-06-07 15:46:41.021992,0.002,2.000002000002e-09,6187,0.0007753387753387754
723,2018-06-07 15:46:43.245689,0.002,2.000002000002e-09,6970,0.0008732328732328732
724,2018-06-07 15:46:45.722917,0.002,2.000002000002e-09,6972,0.0008734828734828735
725,2018-06-07 15:46:48.096415,0.002,2.000002000002e-09,7580,0.0009494669494669494
726,2018-06-07 15:46:49.084763,0.0004,4.0000400004000045e-09,1026,0.00013019730197301975
727,2018-06-07 15:46:51.214567,0.002,2.000002000002e-09,4615,0.0005788305788305789
728,2018-06-07 15:46:53.543567,0.002,2.000002000002e-09,5677,0.0007116107116107117
729,2018-06-07 15:46:55.994253,0.002,2.000002000002e-09,5510,0.0006906526906526907
730,2018-06-07 15:46:56.960553,0.0004,4.0000400004000045e-09,1561,0.00019716597165971662
731,2018-06-07 15:46:59.160805,0.002,2.000002000002e-09,4607,0.0005778065778065778
732,2018-06-07 15:47:01.481573,0.001,1.000001000001e-09,3022,0.0003797823797823798
733,2018-06-07 15:47:03.755999,0.001,1.000001000001e-09,3729,0.00046812346812346813
734,2018-06-07 15:47:06.086859,0.001,1.000001000001e-09,3274,0.0004111814111814112
735,2018-06-07 15:47:08.613738,0.002,2.000002000002e-09,5809,0.0007280527280527281
736,2018-06-07 15:47:10.964633,0.002,2.000002000002e-09,6463,0.0008098108098108099
737,2018-06-07 15:47:13.205467,0.002,2.000002000002e-09,5853,0.0007335887335887336
738,2018-06-07 15:47:15.566779,0.001,1.000001000001e-09,1634,0.00020628220628220628
739,2018-06-07 15:47:18.068172,0.002,2.000002000002e-09,5191,0.0006508846508846509
740,2018-06-07 15:47:20.665981,0.001,1.000001000001e-09,3271,0.00041090041090041093
741,2018-06-07 15:47:21.599234,0.0004,4.0000400004000045e-09,1287,0.00016282562825628257
742,2018-06-07 15:47:24.403407,0.001,1.000001000001e-09,3407,0.00042784242784242783
743,2018-06-07 15:47:26.616980,0.002,2.000002000002e-09,6723,0.0008422708422708423
744,2018-06-07 15:47:29.006222,0.002,2.000002000002e-09,4511,0.0005658805658805659
745,2018-06-07 15:47:31.169661,0.002,2.000002000002e-09,7648,0.000957906957906958
746,2018-06-07 15:47:33.665421,0.002,2.000002000002e-09,4225,0.0005300785300785301
747,2018-06-07 15:47:36.082256,0.002,2.000002000002e-09,5502,0.0006897006897006897
748,2018-06-07 15:47:38.323255,0.002,2.000002000002e-09,5420,0.0006795006795006796
749,2018-06-07 15:47:40.891399,0.002,2.000002000002e-09,7963,0.0009973149973149973
750,2018-06-07 15:47:43.481208,0.002,2.000002000002e-09,6820,0.0008545048545048545
751,2018-06-07 15:47:45.964947,0.002,2.000002000002e-09,7833,0.000981080981080981
752,2018-06-07 15:47:48.324558,0.002,2.000002000002e-09,4408,0.000553034553034553
753,2018-06-07 15:47:50.634299,0.002,2.000002000002e-09,5934,0.0007437027437027438
754,2018-06-07 15:47:53.009636,0.002,2.000002000002e-09,5277,0.0006616106616106616
755,2018-06-07 15:47:55.508666,0.001,1.000001000001e-09,3756,0.0004714264714264714
756,2018-06-07 15:47:57.914112,0.002,2.000002000002e-09,7642,0.0009571529571529572
757,2018-06-07 15:48:00.244747,0.002,2.000002000002e-09,5489,0.0006880646880646881
758,2018-06-07 15:48:02.544213,0.001,1.000001000001e-09,3260,0.0004095204095204095
759,2018-06-07 15:48:04.778820,0.001,1.000001000001e-09,2732,0.00034342134342134345
760,2018-06-07 15:48:07.146167,0.002,2.000002000002e-09,4258,0.0005342985342985343
761,2018-06-07 15:48:09.503893,0.001,1.000001000001e-09,3928,0.000492948492948493
762,2018-06-07 15:48:11.910015,0.001,1.000001000001e-09,3815,0.0004788584788584789
763,2018-06-07 15:48:14.088731,0.001,1.000001000001e-09,3431,0.0004308114308114308
764,2018-06-07 15:48:16.685058,0.002,2.000002000002e-09,7280,0.000911922911922912
765,2018-06-07 15:48:19.174849,0.002,2.000002000002e-09,6127,0.0007678787678787679
766,2018-06-07 15:48:21.631992,0.002,2.000002000002e-09,6869,0.0008605388605388605
767,2018-06-07 15:48:24.180976,0.001,1.000001000001e-09,3260,0.00040943140943140943
768,2018-06-07 15:48:26.686151,0.002,2.000002000002e-09,7479,0.0009368269368269369
769,2018-06-07 15:48:28.792770,0.002,2.000002000002e-09,6537,0.0008190608190608191
770,2018-06-07 15:48:31.364209,0.002,2.000002000002e-09,7694,0.0009636589636589637
771,2018-06-07 15:48:33.713189,0.001,1.000001000001e-09,3400,0.00042703342703342707
772,2018-06-07 15:48:35.873660,0.002,2.000002000002e-09,6922,0.0008672048672048673
773,2018-06-07 15:48:38.424860,0.001,1.000001000001e-09,2788,0.00035043335043335045
774,2018-06-07 15:48:40.963699,0.002,2.000002000002e-09,5888,0.000737902737902738
775,2018-06-07 15:48:43.214037,0.002,2.000002000002e-09,5434,0.0006811626811626812
776,2018-06-07 15:48:45.441205,0.002,2.000002000002e-09,7695,0.0009638749638749639
777,2018-06-07 15:48:47.589957,0.001,1.000001000001e-09,1895,0.0002388002388002388
778,2018-06-07 15:48:50.045861,0.002,2.000002000002e-09,4934,0.0006186606186606187
779,2018-06-07 15:48:52.303995,0.001,1.000001000001e-09,2290,0.0002882642882642883
780,2018-06-07 15:48:54.565060,0.002,2.000002000002e-09,7107,0.0008903028903028904
781,2018-06-07 15:48:56.893471,0.002,2.000002000002e-09,4519,0.0005668245668245668
782,2018-06-07 15:48:59.175779,0.001,1.000001000001e-09,2918,0.0003667803667803668
783,2018-06-07 15:49:01.440390,0.001,1.000001000001e-09,1936,0.00024396924396924397
784,2018-06-07 15:49:02.426262,0.0004,4.0000400004000045e-09,1435,0.0001813418134181342
785,2018-06-07 15:49:04.754195,0.001,1.000001000001e-09,3982,0.0004996544996544996
786,2018-06-07 15:49:07.126459,0.002,2.000002000002e-09,4227,0.0005303505303505304
787,2018-06-07 15:49:09.324564,0.002,2.000002000002e-09,5991,0.0007508587508587509
788,2018-06-07 15:49:11.662315,0.002,2.000002000002e-09,6896,0.000863904863904864
789,2018-06-07 15:49:13.932221,0.002,2.000002000002e-09,4627,0.0005803545803545804
790,2018-06-07 15:49:16.160156,0.002,2.000002000002e-09,6371,0.0007983007983007983
791,2018-06-07 15:49:18.496800,0.001,1.000001000001e-09,2121,0.0002670922670922671
792,2018-06-07 15:49:20.759151,0.001,1.000001000001e-09,2378,0.00029923129923129925
793,2018-06-07 15:49:22.799952,0.001,1.000001000001e-09,4000,0.000501943501943502
794,2018-06-07 15:49:24.968787,0.002,2.000002000002e-09,5268,0.0006603966603966604
795,2018-06-07 15:49:27.242781,0.002,2.000002000002e-09,5758,0.0007217587217587218
796,2018-06-07 15:49:29.400411,0.002,2.000002000002e-09,5336,0.000668938668938669
797,2018-06-07 15:49:31.802148,0.002,2.000002000002e-09,6179,0.0007742887742887743
798,2018-06-07 15:49:33.945231,0.002,2.000002000002e-09,4411,0.0005533385533385534
799,2018-06-07 15:49:34.928013,0.0004,4.0000400004000045e-09,1467,0.0001853978539785398
800,2018-06-07 15:49:37.357539,0.001,1.000001000001e-09,2439,0.00030687530687530687
801,2018-06-07 15:49:39.643688,0.002,2.000002000002e-09,7450,0.0009331769331769332
802,2018-06-07 15:49:41.902231,0.002,2.000002000002e-09,6941,0.0008695308695308696
803,2018-06-07 15:49:44.219858,0.002,2.000002000002e-09,4802,0.0006022206022206023
804,2018-06-07 15:49:45.199867,0.0004,4.0000400004000045e-09,1545,0.0001951219512195122
805,2018-06-07 15:49:46.165663,0.0004,4.0000400004000045e-09,1537,0.0001941539415394154
806,2018-06-07 15:49:48.554547,0.002,2.000002000002e-09,5966,0.0007476847476847478
807,2018-06-07 15:49:50.785970,0.002,2.000002000002e-09,5258,0.0006592286592286593
808,2018-06-07 15:49:53.520280,0.001,1.000001000001e-09,3778,0.0004741404741404742
809,2018-06-07 15:49:55.871904,0.002,2.000002000002e-09,5308,0.0006655126655126655
810,2018-06-07 15:49:58.089083,0.001,1.000001000001e-09,3913,0.0004910644910644911
811,2018-06-07 15:50:00.844268,0.002,2.000002000002e-09,7809,0.000978124978124978
812,2018-06-07 15:50:02.990351,0.002,2.000002000002e-09,7977,0.0009990489990489991
813,2018-06-07 15:50:05.518068,0.001,1.000001000001e-09,3349,0.0004205644205644206
814,2018-06-07 15:50:07.835144,0.001,1.000001000001e-09,3210,0.00040321140321140323
815,2018-06-07 15:50:10.087870,0.001,1.000001000001e-09,3848,0.0004828924828924829
816,2018-06-07 15:50:12.289901,0.002,2.000002000002e-09,6145,0.0007700907700907701
817,2018-06-07 15:50:14.609406,0.002,2.000002000002e-09,4442,0.0005572465572465572
818,2018-06-07 15:50:16.852875,0.002,2.000002000002e-09,7386,0.0009252109252109252
819,2018-06-07 15:50:19.354938,0.002,2.000002000002e-09,5806,0.0007277087277087278
820,2018-06-07 15:50:21.599921,0.002,2.000002000002e-09,5634,0.0007061507061507062
821,2018-06-07 15:50:22.542837,0.0004,4.0000400004000045e-09,1227,0.00015539355393553937
822,2018-06-07 15:50:24.949260,0.001,1.000001000001e-09,2233,0.0002810862810862811
823,2018-06-07 15:50:27.257695,0.002,2.000002000002e-09,4204,0.0005273985273985274
824,2018-06-07 15:50:29.670172,0.001,1.000001000001e-09,1755,0.00022136322136322137
825,2018-06-07 15:50:30.651510,0.0004,4.0000400004000045e-09,1202,0.00015224152241522418
826,2018-06-07 15:50:33.270712,0.001,1.000001000001e-09,3272,0.0004108904108904109
827,2018-06-07 15:50:34.197339,0.0004,4.0000400004000045e-09,815,0.00010382903829038292
828,2018-06-07 15:50:36.428373,0.001,1.000001000001e-09,3763,0.0004722814722814723
829,2018-06-07 15:50:38.899797,0.002,2.000002000002e-09,4675,0.0005863325863325864
830,2018-06-07 15:50:41.009350,0.002,2.000002000002e-09,7981,0.0009995489995489996
831,2018-06-07 15:50:43.341086,0.002,2.000002000002e-09,6505,0.0008151248151248152
832,2018-06-07 15:50:44.287935,0.0004,4.0000400004000045e-09,1155,0.00014639746397463976
833,2018-06-07 15:50:46.484924,0.002,2.000002000002e-09,6469,0.0008105288105288105
834,2018-06-07 15:50:48.779708,0.002,2.000002000002e-09,6431,0.0008058328058328059
835,2018-06-07 15:50:51.299933,0.001,1.000001000001e-09,2231,0.0002807682807682808
836,2018-06-07 15:50:53.768045,0.001,1.000001000001e-09,2699,0.00033937233937233937
837,2018-06-07 15:50:56.170179,0.002,2.000002000002e-09,5115,0.0006413646413646414
838,2018-06-07 15:50:57.153481,0.0004,4.0000400004000045e-09,811,0.00010334103341033411
839,2018-06-07 15:50:59.705944,0.002,2.000002000002e-09,7926,0.0009927309927309927
840,2018-06-07 15:51:02.222278,0.002,2.000002000002e-09,4931,0.0006183066183066184
841,2018-06-07 15:51:04.775061,0.001,1.000001000001e-09,2601,0.00032701932701932704
842,2018-06-07 15:51:07.218808,0.002,2.000002000002e-09,4216,0.000528976528976529
843,2018-06-07 15:51:09.500786,0.001,1.000001000001e-09,3464,0.0004349344349344349
844,2018-06-07 15:51:11.831909,0.001,1.000001000001e-09,3817,0.00047912347912347915
845,2018-06-07 15:51:14.031195,0.002,2.000002000002e-09,4804,0.0006024026024026024
846,2018-06-07 15:51:16.430775,0.001,1.000001000001e-09,2413,0.0003036213036213036
847,2018-06-07 15:51:18.590678,0.002,2.000002000002e-09,7684,0.0009624809624809625
848,2018-06-07 15:51:20.951945,0.002,2.000002000002e-09,7029,0.0008805488805488805
849,2018-06-07 15:51:23.243804,0.001,1.000001000001e-09,1906,0.00024013824013824014
850,2018-06-07 15:51:25.399059,0.002,2.000002000002e-09,7443,0.0009323329323329323
851,2018-06-07 15:51:27.597874,0.001,1.000001000001e-09,2130,0.00026822326822326825
852,2018-06-07 15:51:29.899850,0.002,2.000002000002e-09,5172,0.0006484026484026484
853,2018-06-07 15:51:32.401232,0.002,2.000002000002e-09,6623,0.0008298128298128299
854,2018-06-07 15:51:34.574348,0.002,2.000002000002e-09,5587,0.0007003027003027004
855,2018-06-07 15:51:37.429284,0.001,1.000001000001e-09,1670,0.0002106892106892107
856,2018-06-07 15:51:38.557614,0.0004,4.0000400004000045e-09,1368,0.0001729177291772918
857,2018-06-07 15:51:40.964673,0.002,2.000002000002e-09,7536,0.000943986943986944
858,2018-06-07 15:51:43.498519,0.001,1.000001000001e-09,3214,0.00040373840373840377
