sample,time,window,precision,modulation,band,react,finish
0,2018-06-07 13:12:28.438788,0.0001,1.001001001001001e-07,4,6,6.9069069069069065e-06,5.915915915915916e-05
1,2018-06-07 13:12:29.389296,0.0001,1.001001001001001e-07,3,27,6.9069069069069065e-06,5.915915915915916e-05
2,2018-06-07 13:12:30.240564,0.0001,1.001001001001001e-07,4,49,6.806806806806807e-06,5.905905905905906e-05
3,2018-06-07 13:12:31.310032,0.0001,1.001001001001001e-07,2,32,6.806806806806807e-06,5.915915915915916e-05
4,2018-06-07 13:12:32.164139,0.0001,1.001001001001001e-07,5,42,6.9069069069069065e-06,5.915915915915916e-05
5,2018-06-07 13:12:33.008139,0.0001,1.001001001001001e-07,7,43,6.806806806806807e-06,5.915915915915916e-05
6,2018-06-07 13:12:33.854039,0.0001,1.001001001001001e-07,7,38,6.806806806806807e-06,5.905905905905906e-05
7,2018-06-07 13:12:34.697573,0.0001,1.001001001001001e-07,6,30,6.9069069069069065e-06,5.915915915915916e-05
8,2018-06-07 13:12:35.544013,0.0001,1.001001001001001e-07,9,48,6.806806806806807e-06,5.905905905905906e-05
9,2018-06-07 13:12:36.490814,0.0001,1.001001001001001e-07,3,47,6.9069069069069065e-06,5.915915915915916e-05
10,2018-06-07 13:12:37.347744,0.0001,1.001001001001001e-07,9,1,6.806806806806807e-06,5.905905905905906e-05
11,2018-06-07 13:12:38.917663,0.0001,1.001001001001001e-07,0,40,6.806806806806807e-06,5.905905905905906e-05
12,2018-06-07 13:12:39.867510,0.0001,1.001001001001001e-07,3,35,6.9069069069069065e-06,5.915915915915916e-05
13,2018-06-07 13:12:40.823744,0.0001,1.001001001001001e-07,3,3,6.9069069069069065e-06,5.915915915915916e-05
14,2018-06-07 13:12:41.671678,0.0001,1.001001001001001e-07,7,31,6.806806806806807e-06,5.905905905905906e-05
15,2018-06-07 13:12:43.248432,0.0001,1.001001001001001e-07,0,1,6.806806806806807e-06,5.905905905905906e-05
16,2018-06-07 13:12:44.309994,0.0001,1.001001001001001e-07,2,50,6.9069069069069065e-06,5.915915915915916e-05
17,2018-06-07 13:12:45.878560,0.0001,1.001001001001001e-07,0,13,6.9069069069069065e-06,5.915915915915916e-05
18,2018-06-07 13:12:46.944156,0.0001,1.001001001001001e-07,2,34,6.9069069069069065e-06,5.915915915915916e-05
19,2018-06-07 13:12:48.202768,0.0001,1.001001001001001e-07,1,13,6.9069069069069065e-06,5.915915915915916e-05
20,2018-06-07 13:12:49.266844,0.0001,1.001001001001001e-07,2,37,6.9069069069069065e-06,5.915915915915916e-05
21,2018-06-07 13:12:50.107312,0.0001,1.001001001001001e-07,5,45,6.806806806806807e-06,5.905905905905906e-05
22,2018-06-07 13:12:51.168968,0.0001,1.001001001001001e-07,2,19,6.9069069069069065e-06,5.915915915915916e-05
23,2018-06-07 13:12:52.114602,0.0001,1.001001001001001e-07,3,35,6.806806806806807e-06,5.905905905905906e-05
24,2018-06-07 13:12:52.971029,0.0001,1.001001001001001e-07,4,40,6.9069069069069065e-06,5.915915915915916e-05
25,2018-06-07 13:12:54.043844,0.0001,1.001001001001001e-07,2,20,6.9069069069069065e-06,5.915915915915916e-05
26,2018-06-07 13:12:54.990719,0.0001,1.001001001001001e-07,3,27,6.9069069069069065e-06,5.915915915915916e-05
27,2018-06-07 13:12:55.840028,0.0001,1.001001001001001e-07,9,28,6.9069069069069065e-06,5.915915915915916e-05
28,2018-06-07 13:12:56.687750,0.0001,1.001001001001001e-07,8,33,6.9069069069069065e-06,5.915915915915916e-05
29,2018-06-07 13:12:57.532904,0.0001,1.001001001001001e-07,6,3,6.9069069069069065e-06,5.915915915915916e-05
30,2018-06-07 13:12:58.375269,0.0001,1.001001001001001e-07,7,7,6.806806806806807e-06,5.915915915915916e-05
31,2018-06-07 13:12:59.229170,0.0001,1.001001001001001e-07,8,46,6.806806806806807e-06,5.915915915915916e-05
32,2018-06-07 13:13:00.488777,0.0001,1.001001001001001e-07,1,41,6.806806806806807e-06,5.905905905905906e-05
33,2018-06-07 13:13:01.349961,0.0001,1.001001001001001e-07,7,51,6.9069069069069065e-06,5.915915915915916e-05
34,2018-06-07 13:13:02.192580,0.0001,1.001001001001001e-07,8,5,6.806806806806807e-06,5.915915915915916e-05
35,2018-06-07 13:13:03.055549,0.0001,1.001001001001001e-07,4,40,6.806806806806807e-06,5.905905905905906e-05
36,2018-06-07 13:13:03.899450,0.0001,1.001001001001001e-07,8,31,6.806806806806807e-06,5.915915915915916e-05
37,2018-06-07 13:13:04.752280,0.0001,1.001001001001001e-07,7,15,6.9069069069069065e-06,5.915915915915916e-05
38,2018-06-07 13:13:05.604703,0.0001,1.001001001001001e-07,4,32,6.9069069069069065e-06,5.915915915915916e-05
39,2018-06-07 13:13:06.448513,0.0001,1.001001001001001e-07,6,4,6.806806806806807e-06,5.915915915915916e-05
40,2018-06-07 13:13:07.705274,0.0001,1.001001001001001e-07,1,49,6.9069069069069065e-06,5.915915915915916e-05
41,2018-06-07 13:13:08.542453,0.0001,1.001001001001001e-07,7,24,6.806806806806807e-06,5.905905905905906e-05
42,2018-06-07 13:13:09.382615,0.0001,1.001001001001001e-07,5,28,6.9069069069069065e-06,5.915915915915916e-05
43,2018-06-07 13:13:10.236754,0.0001,1.001001001001001e-07,8,41,6.806806806806807e-06,5.915915915915916e-05
44,2018-06-07 13:13:11.080674,0.0001,1.001001001001001e-07,5,50,6.806806806806807e-06,5.915915915915916e-05
45,2018-06-07 13:13:11.933324,0.0001,1.001001001001001e-07,8,3,6.806806806806807e-06,5.905905905905906e-05
46,2018-06-07 13:13:12.880941,0.0001,1.001001001001001e-07,3,36,6.806806806806807e-06,5.915915915915916e-05
47,2018-06-07 13:13:13.730103,0.0001,1.001001001001001e-07,5,48,6.806806806806807e-06,5.915915915915916e-05
48,2018-06-07 13:13:15.000931,0.0001,1.001001001001001e-07,1,40,6.9069069069069065e-06,5.915915915915916e-05
49,2018-06-07 13:13:15.856046,0.0001,1.001001001001001e-07,4,29,6.9069069069069065e-06,5.915915915915916e-05
50,2018-06-07 13:13:16.714896,0.0001,1.001001001001001e-07,9,8,6.806806806806807e-06,5.915915915915916e-05
51,2018-06-07 13:13:17.575634,0.0001,1.001001001001001e-07,7,5,6.806806806806807e-06,5.915915915915916e-05
52,2018-06-07 13:13:18.420467,0.0001,1.001001001001001e-07,9,13,6.806806806806807e-06,5.915915915915916e-05
53,2018-06-07 13:13:19.265100,0.0001,1.001001001001001e-07,6,16,6.806806806806807e-06,5.905905905905906e-05
54,2018-06-07 13:13:20.848362,0.0001,1.001001001001001e-07,0,31,6.806806806806807e-06,5.915915915915916e-05
55,2018-06-07 13:13:21.890012,0.0001,1.001001001001001e-07,2,19,6.9069069069069065e-06,5.915915915915916e-05
56,2018-06-07 13:13:23.066225,0.0001,1.001001001001001e-07,1,24,6.9069069069069065e-06,5.915915915915916e-05
57,2018-06-07 13:13:23.921138,0.0001,1.001001001001001e-07,8,6,6.806806806806807e-06,5.915915915915916e-05
58,2018-06-07 13:13:25.498073,0.0001,1.001001001001001e-07,0,21,6.9069069069069065e-06,5.915915915915916e-05
59,2018-06-07 13:13:26.456446,0.0001,1.001001001001001e-07,3,47,6.9069069069069065e-06,5.915915915915916e-05
60,2018-06-07 13:13:27.416652,0.0001,1.001001001001001e-07,3,45,6.806806806806807e-06,5.915915915915916e-05
61,2018-06-07 13:13:28.284859,0.0001,1.001001001001001e-07,4,43,6.806806806806807e-06,5.915915915915916e-05
62,2018-06-07 13:13:29.244952,0.0001,1.001001001001001e-07,3,45,6.806806806806807e-06,5.915915915915916e-05
63,2018-06-07 13:13:30.105034,0.0001,1.001001001001001e-07,4,31,6.9069069069069065e-06,5.915915915915916e-05
64,2018-06-07 13:13:30.943432,0.0001,1.001001001001001e-07,7,14,6.9069069069069065e-06,5.915915915915916e-05
65,2018-06-07 13:13:31.784227,0.0001,1.001001001001001e-07,9,30,6.9069069069069065e-06,6.166166166166166e-05
66,2018-06-07 13:13:33.345444,0.0001,1.001001001001001e-07,0,41,6.9069069069069065e-06,5.915915915915916e-05
67,2018-06-07 13:13:34.504738,0.0001,1.001001001001001e-07,1,3,6.806806806806807e-06,5.915915915915916e-05
68,2018-06-07 13:13:35.676666,0.0001,1.001001001001001e-07,1,35,6.806806806806807e-06,5.905905905905906e-05
69,2018-06-07 13:13:36.952657,0.0001,1.001001001001001e-07,1,26,6.806806806806807e-06,5.905905905905906e-05
70,2018-06-07 13:13:37.793485,0.0001,1.001001001001001e-07,8,42,6.9069069069069065e-06,5.915915915915916e-05
71,2018-06-07 13:13:38.636572,0.0001,1.001001001001001e-07,8,42,6.806806806806807e-06,5.915915915915916e-05
72,2018-06-07 13:13:39.479323,0.0001,1.001001001001001e-07,9,13,6.9069069069069065e-06,5.915915915915916e-05
73,2018-06-07 13:13:40.544526,0.0001,1.001001001001001e-07,2,19,6.9069069069069065e-06,5.915915915915916e-05
74,2018-06-07 13:13:41.495842,0.0001,1.001001001001001e-07,3,44,6.9069069069069065e-06,5.915915915915916e-05
75,2018-06-07 13:13:42.344569,0.0001,1.001001001001001e-07,5,16,6.806806806806807e-06,5.915915915915916e-05
76,2018-06-07 13:13:43.181162,0.0001,1.001001001001001e-07,8,32,6.806806806806807e-06,5.905905905905906e-05
77,2018-06-07 13:13:44.034129,0.0001,1.001001001001001e-07,4,13,6.9069069069069065e-06,5.915915915915916e-05
78,2018-06-07 13:13:44.871835,0.0001,1.001001001001001e-07,8,5,6.806806806806807e-06,5.915915915915916e-05
79,2018-06-07 13:13:45.720705,0.0001,1.001001001001001e-07,5,44,6.9069069069069065e-06,5.915915915915916e-05
80,2018-06-07 13:13:47.283946,0.0001,1.001001001001001e-07,0,16,6.806806806806807e-06,5.915915915915916e-05
81,2018-06-07 13:13:48.346353,0.0001,1.001001001001001e-07,2,18,6.9069069069069065e-06,5.915915915915916e-05
82,2018-06-07 13:13:49.196986,0.0001,1.001001001001001e-07,8,12,6.9069069069069065e-06,5.915915915915916e-05
83,2018-06-07 13:13:50.147210,0.0001,1.001001001001001e-07,3,8,6.9069069069069065e-06,5.915915915915916e-05
84,2018-06-07 13:13:51.195586,0.0001,1.001001001001001e-07,2,1,6.9069069069069065e-06,5.915915915915916e-05
85,2018-06-07 13:13:52.350182,0.0001,1.001001001001001e-07,1,16,6.9069069069069065e-06,5.915915915915916e-05
86,2018-06-07 13:13:53.404395,0.0001,1.001001001001001e-07,2,17,6.806806806806807e-06,5.915915915915916e-05
87,2018-06-07 13:13:54.258005,0.0001,1.001001001001001e-07,4,48,6.806806806806807e-06,5.915915915915916e-05
88,2018-06-07 13:13:55.207001,0.0001,1.001001001001001e-07,3,15,6.806806806806807e-06,5.915915915915916e-05
89,2018-06-07 13:13:56.055790,0.0001,1.001001001001001e-07,7,49,6.9069069069069065e-06,5.915915915915916e-05
90,2018-06-07 13:13:56.912786,0.0001,1.001001001001001e-07,4,37,6.9069069069069065e-06,5.915915915915916e-05
91,2018-06-07 13:13:57.778803,0.0001,1.001001001001001e-07,9,0,6.806806806806807e-06,6.166166166166166e-05
92,2018-06-07 13:13:59.344579,0.0001,1.001001001001001e-07,0,48,6.806806806806807e-06,5.915915915915916e-05
93,2018-06-07 13:14:00.191842,0.0001,1.001001001001001e-07,9,24,6.806806806806807e-06,5.915915915915916e-05
94,2018-06-07 13:14:01.035524,0.0001,1.001001001001001e-07,8,0,6.806806806806807e-06,5.905905905905906e-05
95,2018-06-07 13:14:01.892394,0.0001,1.001001001001001e-07,9,10,6.806806806806807e-06,5.915915915915916e-05
96,2018-06-07 13:14:02.741029,0.0001,1.001001001001001e-07,6,12,6.9069069069069065e-06,5.915915915915916e-05
97,2018-06-07 13:14:03.596599,0.0001,1.001001001001001e-07,4,13,6.9069069069069065e-06,5.915915915915916e-05
98,2018-06-07 13:14:04.651451,0.0001,1.001001001001001e-07,2,4,6.806806806806807e-06,5.915915915915916e-05
99,2018-06-07 13:14:05.823149,0.0001,1.001001001001001e-07,1,30,6.9069069069069065e-06,5.915915915915916e-05
100,2018-06-07 13:14:07.100345,0.0001,1.001001001001001e-07,1,41,6.806806806806807e-06,5.915915915915916e-05
101,2018-06-07 13:14:07.943803,0.0001,1.001001001001001e-07,9,40,6.806806806806807e-06,5.915915915915916e-05
102,2018-06-07 13:14:09.525508,0.0001,1.001001001001001e-07,0,25,6.806806806806807e-06,5.905905905905906e-05
103,2018-06-07 13:14:10.385614,0.0001,1.001001001001001e-07,5,38,6.806806806806807e-06,5.915915915915916e-05
104,2018-06-07 13:14:11.240982,0.0001,1.001001001001001e-07,4,8,6.9069069069069065e-06,5.915915915915916e-05
105,2018-06-07 13:14:12.080732,0.0001,1.001001001001001e-07,9,49,6.9069069069069065e-06,5.915915915915916e-05
106,2018-06-07 13:14:12.925339,0.0001,1.001001001001001e-07,8,44,6.9069069069069065e-06,5.915915915915916e-05
107,2018-06-07 13:14:14.492320,0.0001,1.001001001001001e-07,0,18,6.806806806806807e-06,5.915915915915916e-05
108,2018-06-07 13:14:15.657938,0.0001,1.001001001001001e-07,1,32,6.806806806806807e-06,5.915915915915916e-05
109,2018-06-07 13:14:16.503091,0.0001,1.001001001001001e-07,5,44,6.806806806806807e-06,5.905905905905906e-05
110,2018-06-07 13:14:17.355484,0.0001,1.001001001001001e-07,5,48,6.806806806806807e-06,5.915915915915916e-05
111,2018-06-07 13:14:18.216751,0.0001,1.001001001001001e-07,6,1,6.806806806806807e-06,5.905905905905906e-05
112,2018-06-07 13:14:19.054977,0.0001,1.001001001001001e-07,5,47,6.806806806806807e-06,5.915915915915916e-05
113,2018-06-07 13:14:20.632165,0.0001,1.001001001001001e-07,0,2,6.9069069069069065e-06,5.915915915915916e-05
114,2018-06-07 13:14:21.577583,0.0001,1.001001001001001e-07,3,0,6.806806806806807e-06,5.905905905905906e-05
115,2018-06-07 13:14:22.851745,0.0001,1.001001001001001e-07,1,20,6.9069069069069065e-06,5.915915915915916e-05
116,2018-06-07 13:14:23.918066,0.0001,1.001001001001001e-07,2,39,6.9069069069069065e-06,5.915915915915916e-05
117,2018-06-07 13:14:25.482216,0.0001,1.001001001001001e-07,0,9,8.808808808808808e-06,6.106106106106106e-05
118,2018-06-07 13:14:26.339038,0.0001,1.001001001001001e-07,8,51,6.9069069069069065e-06,5.915915915915916e-05
119,2018-06-07 13:14:27.399931,0.0001,1.001001001001001e-07,2,35,6.9069069069069065e-06,5.915915915915916e-05
120,2018-06-07 13:14:28.240564,0.0001,1.001001001001001e-07,6,41,6.806806806806807e-06,5.905905905905906e-05
121,2018-06-07 13:14:29.085066,0.0001,1.001001001001001e-07,5,42,6.806806806806807e-06,5.905905905905906e-05
122,2018-06-07 13:14:29.962261,0.0001,1.001001001001001e-07,5,25,6.806806806806807e-06,5.915915915915916e-05
123,2018-06-07 13:14:30.837376,0.0001,1.001001001001001e-07,6,24,6.806806806806807e-06,5.905905905905906e-05
124,2018-06-07 13:14:31.699518,0.0001,1.001001001001001e-07,9,1,6.806806806806807e-06,5.915915915915916e-05
125,2018-06-07 13:14:32.560544,0.0001,1.001001001001001e-07,7,32,6.9069069069069065e-06,5.915915915915916e-05
126,2018-06-07 13:14:33.422656,0.0001,1.001001001001001e-07,7,42,6.806806806806807e-06,5.915915915915916e-05
127,2018-06-07 13:14:34.270505,0.0001,1.001001001001001e-07,5,29,6.806806806806807e-06,5.905905905905906e-05
128,2018-06-07 13:14:35.118196,0.0001,1.001001001001001e-07,9,41,6.806806806806807e-06,5.915915915915916e-05
129,2018-06-07 13:14:35.965108,0.0001,1.001001001001001e-07,8,21,6.806806806806807e-06,5.915915915915916e-05
130,2018-06-07 13:14:36.830230,0.0001,1.001001001001001e-07,4,28,6.9069069069069065e-06,5.915915915915916e-05
131,2018-06-07 13:14:37.673420,0.0001,1.001001001001001e-07,9,8,6.9069069069069065e-06,5.915915915915916e-05
132,2018-06-07 13:14:38.530345,0.0001,1.001001001001001e-07,4,48,6.9069069069069065e-06,5.915915915915916e-05
133,2018-06-07 13:14:39.582946,0.0001,1.001001001001001e-07,2,31,6.806806806806807e-06,5.905905905905906e-05
134,2018-06-07 13:14:40.435123,0.0001,1.001001001001001e-07,7,12,6.9069069069069065e-06,5.915915915915916e-05
135,2018-06-07 13:14:41.275540,0.0001,1.001001001001001e-07,7,38,6.9069069069069065e-06,5.915915915915916e-05
136,2018-06-07 13:14:42.217173,0.0001,1.001001001001001e-07,3,37,6.9069069069069065e-06,5.915915915915916e-05
137,2018-06-07 13:14:43.161500,0.0001,1.001001001001001e-07,3,39,6.806806806806807e-06,5.915915915915916e-05
138,2018-06-07 13:14:44.014224,0.0001,1.001001001001001e-07,4,17,6.806806806806807e-06,5.915915915915916e-05
139,2018-06-07 13:14:44.859861,0.0001,1.001001001001001e-07,6,23,6.806806806806807e-06,5.905905905905906e-05
140,2018-06-07 13:14:45.716343,0.0001,1.001001001001001e-07,4,33,6.9069069069069065e-06,5.915915915915916e-05
141,2018-06-07 13:14:46.559590,0.0001,1.001001001001001e-07,9,47,6.806806806806807e-06,5.905905905905906e-05
142,2018-06-07 13:14:47.818266,0.0001,1.001001001001001e-07,1,18,6.806806806806807e-06,5.905905905905906e-05
143,2018-06-07 13:14:48.988523,0.0001,1.001001001001001e-07,1,14,6.9069069069069065e-06,5.915915915915916e-05
144,2018-06-07 13:14:49.833329,0.0001,1.001001001001001e-07,5,45,6.9069069069069065e-06,5.915915915915916e-05
145,2018-06-07 13:14:50.895972,0.0001,1.001001001001001e-07,2,29,6.806806806806807e-06,5.915915915915916e-05
146,2018-06-07 13:14:51.959025,0.0001,1.001001001001001e-07,2,8,6.806806806806807e-06,5.915915915915916e-05
147,2018-06-07 13:14:52.797783,0.0001,1.001001001001001e-07,8,1,6.9069069069069065e-06,5.915915915915916e-05
148,2018-06-07 13:14:53.645223,0.0001,1.001001001001001e-07,8,22,6.806806806806807e-06,5.915915915915916e-05
149,2018-06-07 13:14:54.716191,0.0001,1.001001001001001e-07,2,1,6.9069069069069065e-06,5.915915915915916e-05
150,2018-06-07 13:14:55.567726,0.0001,1.001001001001001e-07,4,22,6.9069069069069065e-06,5.915915915915916e-05
151,2018-06-07 13:14:56.416017,0.0001,1.001001001001001e-07,5,51,6.806806806806807e-06,5.915915915915916e-05
152,2018-06-07 13:14:57.277911,0.0001,1.001001001001001e-07,5,1,6.806806806806807e-06,5.915915915915916e-05
153,2018-06-07 13:14:58.134365,0.0001,1.001001001001001e-07,6,8,6.9069069069069065e-06,5.915915915915916e-05
154,2018-06-07 13:14:58.980016,0.0001,1.001001001001001e-07,7,7,6.9069069069069065e-06,5.915915915915916e-05
155,2018-06-07 13:15:00.047863,0.0001,1.001001001001001e-07,2,24,6.9069069069069065e-06,5.915915915915916e-05
156,2018-06-07 13:15:00.885221,0.0001,1.001001001001001e-07,6,17,6.9069069069069065e-06,5.915915915915916e-05
157,2018-06-07 13:15:01.729589,0.0001,1.001001001001001e-07,8,16,6.9069069069069065e-06,5.915915915915916e-05
158,2018-06-07 13:15:02.791348,0.0001,1.001001001001001e-07,2,38,6.9069069069069065e-06,5.915915915915916e-05
159,2018-06-07 13:15:04.353195,0.0001,1.001001001001001e-07,0,36,6.9069069069069065e-06,5.915915915915916e-05
160,2018-06-07 13:15:05.216710,0.0001,1.001001001001001e-07,5,29,6.806806806806807e-06,5.905905905905906e-05
161,2018-06-07 13:15:06.268706,0.0001,1.001001001001001e-07,2,49,6.806806806806807e-06,5.905905905905906e-05
162,2018-06-07 13:15:07.122322,0.0001,1.001001001001001e-07,6,22,6.806806806806807e-06,5.905905905905906e-05
163,2018-06-07 13:15:07.965267,0.0001,1.001001001001001e-07,6,1,6.806806806806807e-06,5.905905905905906e-05
164,2018-06-07 13:15:08.799619,0.0001,1.001001001001001e-07,7,2,6.806806806806807e-06,5.915915915915916e-05
165,2018-06-07 13:15:09.638221,0.0001,1.001001001001001e-07,6,3,6.806806806806807e-06,5.915915915915916e-05
166,2018-06-07 13:15:10.481754,0.0001,1.001001001001001e-07,8,34,6.806806806806807e-06,5.915915915915916e-05
167,2018-06-07 13:15:11.537851,0.0001,1.001001001001001e-07,2,3,6.9069069069069065e-06,5.915915915915916e-05
168,2018-06-07 13:15:12.794399,0.0001,1.001001001001001e-07,1,13,6.806806806806807e-06,5.905905905905906e-05
169,2018-06-07 13:15:13.654954,0.0001,1.001001001001001e-07,5,5,6.806806806806807e-06,5.905905905905906e-05
170,2018-06-07 13:15:14.525392,0.0001,1.001001001001001e-07,5,11,6.806806806806807e-06,5.915915915915916e-05
171,2018-06-07 13:15:15.585057,0.0001,1.001001001001001e-07,2,50,6.806806806806807e-06,5.905905905905906e-05
172,2018-06-07 13:15:16.434434,0.0001,1.001001001001001e-07,5,3,6.806806806806807e-06,5.915915915915916e-05
173,2018-06-07 13:15:17.298985,0.0001,1.001001001001001e-07,5,9,6.9069069069069065e-06,5.915915915915916e-05
174,2018-06-07 13:15:18.157018,0.0001,1.001001001001001e-07,7,10,6.806806806806807e-06,5.915915915915916e-05
175,2018-06-07 13:15:19.322944,0.0001,1.001001001001001e-07,1,43,6.806806806806807e-06,5.915915915915916e-05
176,2018-06-07 13:15:20.176304,0.0001,1.001001001001001e-07,5,39,6.9069069069069065e-06,5.915915915915916e-05
177,2018-06-07 13:15:21.019868,0.0001,1.001001001001001e-07,5,50,6.9069069069069065e-06,5.915915915915916e-05
178,2018-06-07 13:15:21.883205,0.0001,1.001001001001001e-07,4,30,6.9069069069069065e-06,5.915915915915916e-05
179,2018-06-07 13:15:22.747326,0.0001,1.001001001001001e-07,5,47,6.9069069069069065e-06,5.915915915915916e-05
180,2018-06-07 13:15:23.604976,0.0001,1.001001001001001e-07,7,36,6.806806806806807e-06,5.915915915915916e-05
181,2018-06-07 13:15:24.451995,0.0001,1.001001001001001e-07,7,0,6.9069069069069065e-06,5.915915915915916e-05
182,2018-06-07 13:15:25.527951,0.0001,1.001001001001001e-07,2,30,6.806806806806807e-06,5.915915915915916e-05
183,2018-06-07 13:15:26.367244,0.0001,1.001001001001001e-07,8,15,6.9069069069069065e-06,5.915915915915916e-05
184,2018-06-07 13:15:27.220599,0.0001,1.001001001001001e-07,4,14,6.9069069069069065e-06,5.915915915915916e-05
185,2018-06-07 13:15:28.063177,0.0001,1.001001001001001e-07,8,25,6.806806806806807e-06,5.905905905905906e-05
186,2018-06-07 13:15:29.330478,0.0001,1.001001001001001e-07,1,41,6.9069069069069065e-06,5.915915915915916e-05
187,2018-06-07 13:15:30.585652,0.0001,1.001001001001001e-07,1,21,6.806806806806807e-06,5.915915915915916e-05
188,2018-06-07 13:15:31.855541,0.0001,1.001001001001001e-07,1,30,6.806806806806807e-06,5.905905905905906e-05
189,2018-06-07 13:15:32.912149,0.0001,1.001001001001001e-07,2,47,6.806806806806807e-06,5.915915915915916e-05
190,2018-06-07 13:15:33.758090,0.0001,1.001001001001001e-07,8,14,6.806806806806807e-06,5.915915915915916e-05
191,2018-06-07 13:15:34.608502,0.0001,1.001001001001001e-07,6,7,6.9069069069069065e-06,5.915915915915916e-05
192,2018-06-07 13:15:35.458118,0.0001,1.001001001001001e-07,4,20,6.806806806806807e-06,5.915915915915916e-05
193,2018-06-07 13:15:36.313775,0.0001,1.001001001001001e-07,8,7,6.806806806806807e-06,5.905905905905906e-05
194,2018-06-07 13:15:37.884947,0.0001,1.001001001001001e-07,0,45,6.806806806806807e-06,5.915915915915916e-05
195,2018-06-07 13:15:38.758847,0.0001,1.001001001001001e-07,5,21,6.806806806806807e-06,5.905905905905906e-05
196,2018-06-07 13:15:39.611491,0.0001,1.001001001001001e-07,4,49,6.806806806806807e-06,5.915915915915916e-05
197,2018-06-07 13:15:41.197136,0.0001,1.001001001001001e-07,0,46,9.10910910910911e-06,6.136136136136136e-05
198,2018-06-07 13:15:42.378954,0.0001,1.001001001001001e-07,1,32,6.9069069069069065e-06,5.915915915915916e-05
199,2018-06-07 13:15:43.222519,0.0001,1.001001001001001e-07,6,7,6.806806806806807e-06,5.915915915915916e-05
200,2018-06-07 13:15:44.072388,0.0001,1.001001001001001e-07,4,6,6.9069069069069065e-06,5.915915915915916e-05
201,2018-06-07 13:15:44.937866,0.0001,1.001001001001001e-07,5,38,6.9069069069069065e-06,5.915915915915916e-05
202,2018-06-07 13:15:45.786352,0.0001,1.001001001001001e-07,7,32,6.9069069069069065e-06,5.915915915915916e-05
203,2018-06-07 13:15:46.627354,0.0001,1.001001001001001e-07,6,23,6.806806806806807e-06,5.915915915915916e-05
204,2018-06-07 13:15:48.189756,0.0001,1.001001001001001e-07,0,7,6.9069069069069065e-06,5.915915915915916e-05
205,2018-06-07 13:15:49.764751,0.0001,1.001001001001001e-07,0,37,7.607607607607607e-06,5.995995995995996e-05
206,2018-06-07 13:15:50.828201,0.0001,1.001001001001001e-07,2,44,6.806806806806807e-06,5.905905905905906e-05
207,2018-06-07 13:15:51.679412,0.0001,1.001001001001001e-07,4,9,6.806806806806807e-06,5.915915915915916e-05
208,2018-06-07 13:15:52.841748,0.0001,1.001001001001001e-07,1,0,6.806806806806807e-06,5.905905905905906e-05
209,2018-06-07 13:15:53.691238,0.0001,1.001001001001001e-07,8,27,6.806806806806807e-06,5.915915915915916e-05
210,2018-06-07 13:15:54.533282,0.0001,1.001001001001001e-07,9,25,6.806806806806807e-06,5.915915915915916e-05
211,2018-06-07 13:15:56.110022,0.0001,1.001001001001001e-07,0,25,6.9069069069069065e-06,5.915915915915916e-05
212,2018-06-07 13:15:56.961674,0.0001,1.001001001001001e-07,7,40,6.9069069069069065e-06,5.915915915915916e-05
213,2018-06-07 13:15:58.528688,0.0001,1.001001001001001e-07,0,1,6.806806806806807e-06,5.905905905905906e-05
214,2018-06-07 13:15:59.696879,0.0001,1.001001001001001e-07,1,17,6.9069069069069065e-06,5.915915915915916e-05
215,2018-06-07 13:16:00.552522,0.0001,1.001001001001001e-07,9,23,6.9069069069069065e-06,5.915915915915916e-05
216,2018-06-07 13:16:01.412229,0.0001,1.001001001001001e-07,4,7,6.806806806806807e-06,5.915915915915916e-05
217,2018-06-07 13:16:02.268714,0.0001,1.001001001001001e-07,8,3,6.806806806806807e-06,5.905905905905906e-05
218,2018-06-07 13:16:03.837592,0.0001,1.001001001001001e-07,0,16,6.806806806806807e-06,5.905905905905906e-05
219,2018-06-07 13:16:04.893232,0.0001,1.001001001001001e-07,2,18,6.806806806806807e-06,5.905905905905906e-05
220,2018-06-07 13:16:06.462177,0.0001,1.001001001001001e-07,0,40,6.806806806806807e-06,5.905905905905906e-05
221,2018-06-07 13:16:07.524277,0.0001,1.001001001001001e-07,2,39,6.806806806806807e-06,5.915915915915916e-05
222,2018-06-07 13:16:08.584603,0.0001,1.001001001001001e-07,2,18,6.806806806806807e-06,5.905905905905906e-05
223,2018-06-07 13:16:09.427425,0.0001,1.001001001001001e-07,9,19,7.507507507507507e-06,5.975975975975976e-05
224,2018-06-07 13:16:10.283438,0.0001,1.001001001001001e-07,4,17,6.806806806806807e-06,5.915915915915916e-05
225,2018-06-07 13:16:11.852650,0.0001,1.001001001001001e-07,0,18,6.806806806806807e-06,5.915915915915916e-05
226,2018-06-07 13:16:12.697669,0.0001,1.001001001001001e-07,8,45,6.806806806806807e-06,5.905905905905906e-05
227,2018-06-07 13:16:13.955895,0.0001,1.001001001001001e-07,1,44,6.806806806806807e-06,5.915915915915916e-05
228,2018-06-07 13:16:15.484974,0.0001,1.001001001001001e-07,0,46,6.9069069069069065e-06,5.915915915915916e-05
229,2018-06-07 13:16:16.351745,0.0001,1.001001001001001e-07,8,2,6.9069069069069065e-06,5.915915915915916e-05
230,2018-06-07 13:16:17.444395,0.0001,1.001001001001001e-07,2,8,6.9069069069069065e-06,5.915915915915916e-05
231,2018-06-07 13:16:18.400723,0.0001,1.001001001001001e-07,3,21,6.806806806806807e-06,5.915915915915916e-05
232,2018-06-07 13:16:19.991885,0.0001,1.001001001001001e-07,0,19,6.806806806806807e-06,5.905905905905906e-05
233,2018-06-07 13:16:21.558677,0.0001,1.001001001001001e-07,0,44,6.9069069069069065e-06,5.915915915915916e-05
234,2018-06-07 13:16:22.412529,0.0001,1.001001001001001e-07,7,50,6.9069069069069065e-06,5.915915915915916e-05
235,2018-06-07 13:16:23.260354,0.0001,1.001001001001001e-07,4,32,6.806806806806807e-06,5.905905905905906e-05
236,2018-06-07 13:16:24.121136,0.0001,1.001001001001001e-07,4,32,6.806806806806807e-06,5.915915915915916e-05
237,2018-06-07 13:16:24.973094,0.0001,1.001001001001001e-07,8,28,6.806806806806807e-06,5.915915915915916e-05
238,2018-06-07 13:16:25.834387,0.0001,1.001001001001001e-07,8,30,6.806806806806807e-06,5.905905905905906e-05
239,2018-06-07 13:16:26.681767,0.0001,1.001001001001001e-07,9,5,6.806806806806807e-06,5.915915915915916e-05
240,2018-06-07 13:16:27.539228,0.0001,1.001001001001001e-07,4,1,6.806806806806807e-06,5.915915915915916e-05
241,2018-06-07 13:16:28.411913,0.0001,1.001001001001001e-07,4,16,6.806806806806807e-06,5.905905905905906e-05
242,2018-06-07 13:16:29.259603,0.0001,1.001001001001001e-07,8,0,6.9069069069069065e-06,5.915915915915916e-05
243,2018-06-07 13:16:30.833500,0.0001,1.001001001001001e-07,0,45,6.806806806806807e-06,5.915915915915916e-05
244,2018-06-07 13:16:31.789846,0.0001,1.001001001001001e-07,3,12,6.9069069069069065e-06,5.915915915915916e-05
245,2018-06-07 13:16:32.630672,0.0001,1.001001001001001e-07,9,7,6.9069069069069065e-06,5.915915915915916e-05
246,2018-06-07 13:16:33.487238,0.0001,1.001001001001001e-07,4,46,6.806806806806807e-06,5.915915915915916e-05
247,2018-06-07 13:16:34.347345,0.0001,1.001001001001001e-07,8,8,6.806806806806807e-06,5.905905905905906e-05
248,2018-06-07 13:16:35.203973,0.0001,1.001001001001001e-07,4,51,6.9069069069069065e-06,5.915915915915916e-05
249,2018-06-07 13:16:36.077748,0.0001,1.001001001001001e-07,4,6,6.9069069069069065e-06,5.915915915915916e-05
250,2018-06-07 13:16:36.933191,0.0001,1.001001001001001e-07,9,18,6.806806806806807e-06,5.905905905905906e-05
251,2018-06-07 13:16:38.214528,0.0001,1.001001001001001e-07,1,6,6.806806806806807e-06,5.905905905905906e-05
252,2018-06-07 13:16:39.055665,0.0001,1.001001001001001e-07,8,19,6.9069069069069065e-06,5.915915915915916e-05
253,2018-06-07 13:16:40.618225,0.0001,1.001001001001001e-07,0,27,6.806806806806807e-06,5.905905905905906e-05
254,2018-06-07 13:16:41.467758,0.0001,1.001001001001001e-07,7,11,6.9069069069069065e-06,5.915915915915916e-05
255,2018-06-07 13:16:42.415873,0.0001,1.001001001001001e-07,3,50,6.9069069069069065e-06,5.915915915915916e-05
256,2018-06-07 13:16:43.994405,0.0001,1.001001001001001e-07,0,46,6.806806806806807e-06,5.915915915915916e-05
257,2018-06-07 13:16:44.837885,0.0001,1.001001001001001e-07,6,26,6.806806806806807e-06,5.915915915915916e-05
258,2018-06-07 13:16:45.681864,0.0001,1.001001001001001e-07,8,20,8.508508508508508e-06,6.076076076076076e-05
259,2018-06-07 13:16:47.243272,0.0001,1.001001001001001e-07,0,45,6.806806806806807e-06,5.905905905905906e-05
260,2018-06-07 13:16:48.093219,0.0001,1.001001001001001e-07,8,51,6.9069069069069065e-06,5.915915915915916e-05
261,2018-06-07 13:16:48.957106,0.0001,1.001001001001001e-07,8,16,6.806806806806807e-06,5.915915915915916e-05
262,2018-06-07 13:16:49.804868,0.0001,1.001001001001001e-07,7,47,6.9069069069069065e-06,5.915915915915916e-05
263,2018-06-07 13:16:50.671582,0.0001,1.001001001001001e-07,5,19,6.9069069069069065e-06,5.915915915915916e-05
264,2018-06-07 13:16:52.254881,0.0001,1.001001001001001e-07,0,49,6.9069069069069065e-06,5.915915915915916e-05
265,2018-06-07 13:16:53.122020,0.0001,1.001001001001001e-07,6,38,6.806806806806807e-06,5.915915915915916e-05
266,2018-06-07 13:16:53.968117,0.0001,1.001001001001001e-07,6,22,6.806806806806807e-06,5.915915915915916e-05
267,2018-06-07 13:16:54.817042,0.0001,1.001001001001001e-07,8,11,6.806806806806807e-06,5.905905905905906e-05
268,2018-06-07 13:16:55.670795,0.0001,1.001001001001001e-07,8,43,6.806806806806807e-06,5.915915915915916e-05
269,2018-06-07 13:16:56.518617,0.0001,1.001001001001001e-07,5,36,6.806806806806807e-06,5.905905905905906e-05
270,2018-06-07 13:16:57.490928,0.0001,1.001001001001001e-07,3,43,6.9069069069069065e-06,5.915915915915916e-05
271,2018-06-07 13:16:58.547659,0.0001,1.001001001001001e-07,2,26,6.806806806806807e-06,5.915915915915916e-05
272,2018-06-07 13:16:59.408058,0.0001,1.001001001001001e-07,7,12,6.806806806806807e-06,5.915915915915916e-05
273,2018-06-07 13:17:00.261684,0.0001,1.001001001001001e-07,8,41,6.806806806806807e-06,5.915915915915916e-05
274,2018-06-07 13:17:01.107123,0.0001,1.001001001001001e-07,6,0,6.806806806806807e-06,5.915915915915916e-05
275,2018-06-07 13:17:01.958074,0.0001,1.001001001001001e-07,5,23,6.806806806806807e-06,5.915915915915916e-05
276,2018-06-07 13:17:02.812529,0.0001,1.001001001001001e-07,4,51,6.9069069069069065e-06,5.915915915915916e-05
277,2018-06-07 13:17:03.668809,0.0001,1.001001001001001e-07,4,9,6.9069069069069065e-06,5.915915915915916e-05
278,2018-06-07 13:17:04.728932,0.0001,1.001001001001001e-07,2,14,6.9069069069069065e-06,5.915915915915916e-05
279,2018-06-07 13:17:05.675545,0.0001,1.001001001001001e-07,3,46,6.806806806806807e-06,5.915915915915916e-05
280,2018-06-07 13:17:06.542706,0.0001,1.001001001001001e-07,4,2,6.9069069069069065e-06,5.915915915915916e-05
281,2018-06-07 13:17:07.389046,0.0001,1.001001001001001e-07,7,11,6.806806806806807e-06,5.905905905905906e-05
282,2018-06-07 13:17:08.952009,0.0001,1.001001001001001e-07,0,39,6.9069069069069065e-06,5.915915915915916e-05
283,2018-06-07 13:17:09.802025,0.0001,1.001001001001001e-07,8,22,6.806806806806807e-06,5.905905905905906e-05
284,2018-06-07 13:17:10.643358,0.0001,1.001001001001001e-07,9,34,6.806806806806807e-06,5.915915915915916e-05
285,2018-06-07 13:17:11.501684,0.0001,1.001001001001001e-07,4,48,6.806806806806807e-06,5.905905905905906e-05
286,2018-06-07 13:17:12.369327,0.0001,1.001001001001001e-07,7,38,6.9069069069069065e-06,5.915915915915916e-05
287,2018-06-07 13:17:13.231897,0.0001,1.001001001001001e-07,5,4,6.9069069069069065e-06,5.915915915915916e-05
288,2018-06-07 13:17:14.091921,0.0001,1.001001001001001e-07,5,23,6.806806806806807e-06,5.915915915915916e-05
289,2018-06-07 13:17:14.936544,0.0001,1.001001001001001e-07,8,22,6.806806806806807e-06,5.905905905905906e-05
290,2018-06-07 13:17:15.998940,0.0001,1.001001001001001e-07,2,19,6.806806806806807e-06,5.905905905905906e-05
291,2018-06-07 13:17:16.847906,0.0001,1.001001001001001e-07,6,45,6.9069069069069065e-06,5.915915915915916e-05
292,2018-06-07 13:17:18.420218,0.0001,1.001001001001001e-07,0,18,6.806806806806807e-06,5.905905905905906e-05
293,2018-06-07 13:17:19.280771,0.0001,1.001001001001001e-07,6,42,6.806806806806807e-06,5.905905905905906e-05
294,2018-06-07 13:17:20.846559,0.0001,1.001001001001001e-07,0,44,6.9069069069069065e-06,5.915915915915916e-05
295,2018-06-07 13:17:21.705334,0.0001,1.001001001001001e-07,8,25,6.806806806806807e-06,5.915915915915916e-05
296,2018-06-07 13:17:22.547759,0.0001,1.001001001001001e-07,7,2,6.9069069069069065e-06,5.915915915915916e-05
297,2018-06-07 13:17:23.597726,0.0001,1.001001001001001e-07,2,6,6.9069069069069065e-06,5.915915915915916e-05
298,2018-06-07 13:17:24.447076,0.0001,1.001001001001001e-07,6,12,6.9069069069069065e-06,5.915915915915916e-05
299,2018-06-07 13:17:25.290566,0.0001,1.001001001001001e-07,7,22,6.806806806806807e-06,5.905905905905906e-05
300,2018-06-07 13:17:26.358746,0.0001,1.001001001001001e-07,2,46,6.9069069069069065e-06,5.915915915915916e-05
301,2018-06-07 13:17:27.307095,0.0001,1.001001001001001e-07,3,37,6.9069069069069065e-06,5.915915915915916e-05
302,2018-06-07 13:17:28.895114,0.0001,1.001001001001001e-07,0,21,6.806806806806807e-06,5.915915915915916e-05
303,2018-06-07 13:17:29.961387,0.0001,1.001001001001001e-07,2,36,6.9069069069069065e-06,5.915915915915916e-05
304,2018-06-07 13:17:30.814763,0.0001,1.001001001001001e-07,4,32,6.806806806806807e-06,5.905905905905906e-05
305,2018-06-07 13:17:31.879962,0.0001,1.001001001001001e-07,2,39,6.806806806806807e-06,5.915915915915916e-05
306,2018-06-07 13:17:33.453186,0.0001,1.001001001001001e-07,0,19,6.806806806806807e-06,5.915915915915916e-05
307,2018-06-07 13:17:34.718517,0.0001,1.001001001001001e-07,1,1,6.806806806806807e-06,5.915915915915916e-05
308,2018-06-07 13:17:35.556034,0.0001,1.001001001001001e-07,6,23,6.9069069069069065e-06,5.915915915915916e-05
309,2018-06-07 13:17:36.412870,0.0001,1.001001001001001e-07,5,23,6.806806806806807e-06,5.915915915915916e-05
310,2018-06-07 13:17:37.277099,0.0001,1.001001001001001e-07,4,38,6.806806806806807e-06,5.905905905905906e-05
311,2018-06-07 13:17:38.120564,0.0001,1.001001001001001e-07,6,49,6.806806806806807e-06,5.915915915915916e-05
312,2018-06-07 13:17:38.977121,0.0001,1.001001001001001e-07,5,41,6.806806806806807e-06,5.915915915915916e-05
313,2018-06-07 13:17:39.821745,0.0001,1.001001001001001e-07,7,19,6.806806806806807e-06,5.905905905905906e-05
314,2018-06-07 13:17:40.680864,0.0001,1.001001001001001e-07,7,48,6.806806806806807e-06,5.915915915915916e-05
315,2018-06-07 13:17:41.534327,0.0001,1.001001001001001e-07,4,27,6.806806806806807e-06,5.905905905905906e-05
316,2018-06-07 13:17:43.119733,0.0001,1.001001001001001e-07,0,32,6.9069069069069065e-06,5.915915915915916e-05
317,2018-06-07 13:17:43.976041,0.0001,1.001001001001001e-07,4,25,6.9069069069069065e-06,5.915915915915916e-05
318,2018-06-07 13:17:45.552883,0.0001,1.001001001001001e-07,0,19,1.3813813813813813e-05,6.616616616616617e-05
319,2018-06-07 13:17:47.131219,0.0001,1.001001001001001e-07,0,19,6.9069069069069065e-06,5.915915915915916e-05
320,2018-06-07 13:17:48.300960,0.0001,1.001001001001001e-07,1,24,6.9069069069069065e-06,5.915915915915916e-05
321,2018-06-07 13:17:49.567159,0.0001,1.001001001001001e-07,1,43,6.9069069069069065e-06,5.915915915915916e-05
322,2018-06-07 13:17:50.417752,0.0001,1.001001001001001e-07,7,41,6.9069069069069065e-06,5.915915915915916e-05
323,2018-06-07 13:17:51.679551,0.0001,1.001001001001001e-07,1,27,6.9069069069069065e-06,5.915915915915916e-05
324,2018-06-07 13:17:52.737030,0.0001,1.001001001001001e-07,2,39,6.806806806806807e-06,5.915915915915916e-05
325,2018-06-07 13:17:53.578765,0.0001,1.001001001001001e-07,6,51,6.9069069069069065e-06,5.915915915915916e-05
326,2018-06-07 13:17:54.762868,0.0001,1.001001001001001e-07,1,10,6.9069069069069065e-06,5.915915915915916e-05
327,2018-06-07 13:17:55.724118,0.0001,1.001001001001001e-07,3,49,6.9069069069069065e-06,5.915915915915916e-05
328,2018-06-07 13:17:56.594442,0.0001,1.001001001001001e-07,8,14,6.806806806806807e-06,5.915915915915916e-05
329,2018-06-07 13:17:57.438591,0.0001,1.001001001001001e-07,8,25,6.9069069069069065e-06,5.915915915915916e-05
330,2018-06-07 13:17:58.285369,0.0001,1.001001001001001e-07,8,14,8.808808808808808e-06,6.106106106106106e-05
331,2018-06-07 13:17:59.139942,0.0001,1.001001001001001e-07,4,33,6.806806806806807e-06,5.915915915915916e-05
332,2018-06-07 13:18:00.302992,0.0001,1.001001001001001e-07,1,10,6.9069069069069065e-06,5.915915915915916e-05
333,2018-06-07 13:18:01.149589,0.0001,1.001001001001001e-07,8,50,8.108108108108107e-06,6.046046046046046e-05
334,2018-06-07 13:18:02.004512,0.0001,1.001001001001001e-07,6,35,6.9069069069069065e-06,5.915915915915916e-05
