sample,time,window,precision,modulation,band,delay,sleep,wakeup
0,2018-06-07 09:57:41.145998,0.4,4.000040000400005e-06,6,16,0.17231433159435283,1.600016000160002e-05,0.00048800488004880054
1,2018-06-07 09:57:42.639533,0.4,4.000040000400005e-06,3,39,0.14504688334879076,1.600016000160002e-05,0.00048400484004840053
2,2018-06-07 09:57:44.071974,0.4,4.000040000400005e-06,3,26,0.058632214349331836,1.2000120001200014e-05,0.00048400484004840053
3,2018-06-07 09:57:45.434630,0.4,4.000040000400005e-06,3,42,0.13723663538323913,1.600016000160002e-05,0.00048800488004880054
4,2018-06-07 09:57:46.896210,0.4,4.000040000400005e-06,7,21,0.08613991744763778,1.600016000160002e-05,0.00048400484004840053
5,2018-06-07 09:57:48.296871,0.4,4.000040000400005e-06,4,10,0.17634844959704665,1.600016000160002e-05,0.00048400484004840053
6,2018-06-07 09:57:49.727077,0.4,4.000040000400005e-06,0,48,0.1889772336589981,1.2000120001200014e-05,0.0004800048000480005
7,2018-06-07 09:57:51.155179,0.4,4.000040000400005e-06,4,44,0.1882705179640188,1.600016000160002e-05,0.00048400484004840053
8,2018-06-07 09:57:52.521014,0.4,4.000040000400005e-06,7,24,0.19314838219915767,1.600016000160002e-05,0.00048400484004840053
9,2018-06-07 09:57:53.996084,0.4,4.000040000400005e-06,7,9,0.023691330296468794,1.600016000160002e-05,0.00048400484004840053
10,2018-06-07 09:57:55.427955,0.4,4.000040000400005e-06,0,45,0.18768709329041178,1.600016000160002e-05,0.00048400484004840053
11,2018-06-07 09:57:56.830671,0.4,4.000040000400005e-06,6,11,0.057082988632399356,1.600016000160002e-05,0.00048800488004880054
12,2018-06-07 09:57:58.206427,0.4,4.000040000400005e-06,5,26,0.1412668047915658,1.600016000160002e-05,0.00048800488004880054
13,2018-06-07 09:57:59.574383,0.4,4.000040000400005e-06,6,26,0.024652502469569515,1.600016000160002e-05,0.0004800048000480005
14,2018-06-07 09:58:00.971570,0.4,4.000040000400005e-06,3,25,0.054803655103623394,1.2000120001200014e-05,0.00048400484004840053
15,2018-06-07 09:58:02.371601,0.4,4.000040000400005e-06,7,32,0.05818377818231928,1.600016000160002e-05,0.00048400484004840053
16,2018-06-07 09:58:03.767974,0.4,4.000040000400005e-06,2,2,0.06123318847163868,1.600016000160002e-05,0.0005120051200512006
17,2018-06-07 09:58:05.129046,0.4,4.000040000400005e-06,7,25,0.13539441593323284,1.600016000160002e-05,0.00048800488004880054
18,2018-06-07 09:58:06.522435,0.4,4.000040000400005e-06,5,8,0.05529481987140992,1.600016000160002e-05,0.00048400484004840053
19,2018-06-07 09:58:07.873294,0.4,4.000040000400005e-06,3,39,0.014564741570394247,1.2000120001200014e-05,0.00048400484004840053
20,2018-06-07 09:58:09.273445,0.4,4.000040000400005e-06,2,10,0.17395108541980453,1.600016000160002e-05,0.00048800488004880054
21,2018-06-07 09:58:10.738550,0.4,4.000040000400005e-06,5,6,0.013950873719554635,1.600016000160002e-05,0.0005120051200512006
22,2018-06-07 09:58:12.237837,0.4,4.000040000400005e-06,0,11,0.11971496536833762,1.2000120001200014e-05,0.00048400484004840053
23,2018-06-07 09:58:13.640327,0.4,4.000040000400005e-06,4,24,0.16959326494566157,1.600016000160002e-05,0.00048400484004840053
24,2018-06-07 09:58:15.076246,0.4,4.000040000400005e-06,7,43,0.15876227441390206,1.600016000160002e-05,0.00048400484004840053
25,2018-06-07 09:58:16.452467,0.4,4.000040000400005e-06,3,1,0.03172035611954913,2.0000200002000023e-05,0.0005120051200512006
26,2018-06-07 09:58:17.850132,0.4,4.000040000400005e-06,2,38,0.04668753804912029,1.600016000160002e-05,0.00048400484004840053
27,2018-06-07 09:58:19.271782,0.4,4.000040000400005e-06,6,16,0.14281054033371016,1.600016000160002e-05,0.00048800488004880054
28,2018-06-07 09:58:20.639824,0.4,4.000040000400005e-06,5,14,0.10821861755013795,1.600016000160002e-05,0.00048400484004840053
29,2018-06-07 09:58:22.078008,0.4,4.000040000400005e-06,5,21,0.18580394187471552,1.600016000160002e-05,0.00048400484004840053
30,2018-06-07 09:58:23.493149,0.4,4.000040000400005e-06,1,51,0.06484103476459313,1.600016000160002e-05,0.00048400484004840053
31,2018-06-07 09:58:24.852002,0.4,4.000040000400005e-06,2,8,0.09046223785527273,1.600016000160002e-05,0.00048800488004880054
32,2018-06-07 09:58:26.296928,0.4,4.000040000400005e-06,5,4,0.16396345845142188,1.600016000160002e-05,0.0005160051600516006
33,2018-06-07 09:58:27.789950,0.4,4.000040000400005e-06,7,6,0.007376285733719379,1.600016000160002e-05,0.0005120051200512006
34,2018-06-07 09:58:29.176900,0.4,4.000040000400005e-06,1,7,0.15352684442201123,1.2000120001200014e-05,0.0005120051200512006
35,2018-06-07 09:58:30.607537,0.4,4.000040000400005e-06,2,11,0.18515617632901946,1.600016000160002e-05,0.00048400484004840053
36,2018-06-07 09:58:32.045127,0.4,4.000040000400005e-06,4,41,0.19539782725897425,1.600016000160002e-05,0.0004920049200492005
37,2018-06-07 09:58:33.469629,0.4,4.000040000400005e-06,2,38,0.036463928839805315,1.2000120001200014e-05,0.00048400484004840053
38,2018-06-07 09:58:34.965315,0.4,4.000040000400005e-06,4,21,0.17421407399661734,1.600016000160002e-05,0.00048800488004880054
39,2018-06-07 09:58:36.445116,0.4,4.000040000400005e-06,2,24,0.04365580889984904,1.600016000160002e-05,0.00048400484004840053
40,2018-06-07 09:58:38.022054,0.4,4.000040000400005e-06,6,43,0.11856769887498067,1.600016000160002e-05,0.00048400484004840053
41,2018-06-07 09:58:39.461675,0.4,4.000040000400005e-06,1,26,0.10785332462766238,1.600016000160002e-05,0.00048400484004840053
42,2018-06-07 09:58:40.965589,0.4,4.000040000400005e-06,1,14,0.12853905994052647,1.600016000160002e-05,0.00048800488004880054
43,2018-06-07 09:58:42.385835,0.4,4.000040000400005e-06,3,13,0.042753257812138214,1.2000120001200014e-05,0.00048400484004840053
44,2018-06-07 09:58:43.787203,0.4,4.000040000400005e-06,5,5,0.1568178571801787,1.2000120001200014e-05,0.0005120051200512006
45,2018-06-07 09:58:45.181419,0.4,4.000040000400005e-06,1,30,0.05533954879675376,1.2000120001200014e-05,0.0004800048000480005
46,2018-06-07 09:58:46.717103,0.4,4.000040000400005e-06,4,41,0.18498448339877654,1.2000120001200014e-05,0.00048800488004880054
47,2018-06-07 09:58:48.220357,0.4,4.000040000400005e-06,2,19,0.023380586887452617,1.600016000160002e-05,0.00048800488004880054
48,2018-06-07 09:58:49.582663,0.4,4.000040000400005e-06,4,41,0.19591575496566024,1.600016000160002e-05,0.00048400484004840053
49,2018-06-07 09:58:50.947437,0.4,4.000040000400005e-06,4,44,0.11244816732819539,1.600016000160002e-05,0.00048400484004840053
50,2018-06-07 09:58:52.435576,0.4,4.000040000400005e-06,7,24,0.1948545409170309,1.2000120001200014e-05,0.0004800048000480005
51,2018-06-07 09:58:53.840926,0.4,4.000040000400005e-06,2,19,0.04886895539423051,1.600016000160002e-05,0.00048400484004840053
52,2018-06-07 09:58:55.204316,0.4,4.000040000400005e-06,7,34,0.10983850050300384,1.600016000160002e-05,0.00048400484004840053
53,2018-06-07 09:58:56.715843,0.4,4.000040000400005e-06,1,32,0.05416656328780048,1.600016000160002e-05,0.00048400484004840053
54,2018-06-07 09:58:58.163977,0.4,4.000040000400005e-06,3,30,0.07454480382833382,1.600016000160002e-05,0.00048400484004840053
55,2018-06-07 09:58:59.546155,0.4,4.000040000400005e-06,5,40,0.1474661677712635,1.2000120001200014e-05,0.00048400484004840053
56,2018-06-07 09:59:00.924922,0.4,4.000040000400005e-06,7,41,0.13626391105915645,1.600016000160002e-05,0.0004800048000480005
57,2018-06-07 09:59:02.405782,0.4,4.000040000400005e-06,3,28,0.06243981270182979,1.600016000160002e-05,0.00048400484004840053
58,2018-06-07 09:59:03.809454,0.4,4.000040000400005e-06,6,31,0.03485179412418089,1.600016000160002e-05,0.00048400484004840053
59,2018-06-07 09:59:05.427430,0.4,4.000040000400005e-06,7,38,0.12221391413232424,1.600016000160002e-05,0.00048400484004840053
60,2018-06-07 09:59:06.827213,0.4,4.000040000400005e-06,4,50,0.1874688074339848,1.600016000160002e-05,0.00048400484004840053
61,2018-06-07 09:59:08.330906,0.4,4.000040000400005e-06,4,30,0.15312151105749877,1.600016000160002e-05,0.00048400484004840053
62,2018-06-07 09:59:09.734136,0.4,4.000040000400005e-06,7,34,0.10864295641074354,1.2000120001200014e-05,0.00048400484004840053
63,2018-06-07 09:59:11.181287,0.4,4.000040000400005e-06,6,10,0.14595787139093447,1.600016000160002e-05,0.00048800488004880054
64,2018-06-07 09:59:12.621891,0.4,4.000040000400005e-06,2,50,0.1652467872081946,1.2000120001200014e-05,0.0004800048000480005
65,2018-06-07 09:59:14.075186,0.4,4.000040000400005e-06,0,51,0.06700268740392526,1.600016000160002e-05,0.00048400484004840053
66,2018-06-07 09:59:15.581815,0.4,4.000040000400005e-06,0,17,0.13525514156122695,1.600016000160002e-05,0.00048800488004880054
67,2018-06-07 09:59:17.121541,0.4,4.000040000400005e-06,4,51,0.025793924889608567,1.600016000160002e-05,0.00048400484004840053
68,2018-06-07 09:59:18.510592,0.4,4.000040000400005e-06,4,27,0.15403811731184808,1.600016000160002e-05,0.00048400484004840053
69,2018-06-07 09:59:19.910862,0.4,4.000040000400005e-06,3,15,0.0019280556230824254,1.2000120001200014e-05,0.00048800488004880054
70,2018-06-07 09:59:21.430696,0.4,4.000040000400005e-06,2,39,0.16589539379019955,1.600016000160002e-05,0.00048400484004840053
71,2018-06-07 09:59:22.906266,0.4,4.000040000400005e-06,2,47,0.15872865613289733,1.600016000160002e-05,0.00048400484004840053
72,2018-06-07 09:59:24.289108,0.4,4.000040000400005e-06,0,27,0.10533665746244435,1.600016000160002e-05,0.00048400484004840053
73,2018-06-07 09:59:25.720370,0.4,4.000040000400005e-06,2,9,0.1075151356236548,1.600016000160002e-05,0.00048400484004840053
74,2018-06-07 09:59:27.216998,0.4,4.000040000400005e-06,7,20,0.05051244413277656,1.600016000160002e-05,0.00048400484004840053
75,2018-06-07 09:59:28.681449,0.4,4.000040000400005e-06,7,24,0.15736008948706662,1.600016000160002e-05,0.00048800488004880054
76,2018-06-07 09:59:30.101332,0.4,4.000040000400005e-06,7,25,0.16006294967964135,1.2000120001200014e-05,0.00048400484004840053
77,2018-06-07 09:59:31.713258,0.4,4.000040000400005e-06,4,1,0.023679893063054003,1.600016000160002e-05,0.0005160051600516006
78,2018-06-07 09:59:33.175723,0.4,4.000040000400005e-06,0,4,0.0051655490666009385,1.600016000160002e-05,0.0005160051600516006
79,2018-06-07 09:59:34.525644,0.4,4.000040000400005e-06,5,25,0.02962998363096483,1.600016000160002e-05,0.00048400484004840053
80,2018-06-07 09:59:36.038135,0.4,4.000040000400005e-06,1,42,0.15977523602519936,1.600016000160002e-05,0.00048400484004840053
81,2018-06-07 09:59:37.427003,0.4,4.000040000400005e-06,5,18,0.15582475891311498,1.600016000160002e-05,0.00048800488004880054
82,2018-06-07 09:59:38.804361,0.4,4.000040000400005e-06,5,8,0.14088074908963316,1.600016000160002e-05,0.0004800048000480005
83,2018-06-07 09:59:40.391048,0.4,4.000040000400005e-06,3,20,0.051746540639077444,1.600016000160002e-05,0.0004800048000480005
84,2018-06-07 09:59:41.829865,0.4,4.000040000400005e-06,7,26,0.18409097566474258,2.0000200002000023e-05,0.00048400484004840053
85,2018-06-07 09:59:43.267044,0.4,4.000040000400005e-06,4,37,0.156760034395263,1.2000120001200014e-05,0.00048400484004840053
86,2018-06-07 09:59:44.736635,0.4,4.000040000400005e-06,1,1,0.01904411371913213,1.2000120001200014e-05,0.0005120051200512006
87,2018-06-07 09:59:46.127576,0.4,4.000040000400005e-06,2,16,0.09710608661570252,1.600016000160002e-05,0.00048400484004840053
88,2018-06-07 09:59:47.540130,0.4,4.000040000400005e-06,0,5,0.04158992693485611,1.600016000160002e-05,0.0005160051600516006
89,2018-06-07 09:59:48.993467,0.4,4.000040000400005e-06,6,5,0.12572339901715582,1.2000120001200014e-05,0.0005120051200512006
90,2018-06-07 09:59:50.458925,0.4,4.000040000400005e-06,0,18,0.09804233305125272,1.600016000160002e-05,0.0004800048000480005
91,2018-06-07 09:59:51.870016,0.4,4.000040000400005e-06,2,29,0.03741565012650379,1.600016000160002e-05,0.00048400484004840053
92,2018-06-07 09:59:53.263191,0.4,4.000040000400005e-06,6,1,0.036067829907141837,1.600016000160002e-05,0.0005120051200512006
93,2018-06-07 09:59:54.652381,0.4,4.000040000400005e-06,1,31,0.033220594185894625,1.600016000160002e-05,0.00048800488004880054
94,2018-06-07 09:59:56.081275,0.4,4.000040000400005e-06,0,30,0.15935190489286258,1.600016000160002e-05,0.00048400484004840053
95,2018-06-07 09:59:57.565784,0.4,4.000040000400005e-06,7,42,0.07959974610515803,1.600016000160002e-05,0.00048400484004840053
96,2018-06-07 09:59:58.970966,0.4,4.000040000400005e-06,3,39,0.1673217971339345,1.2000120001200014e-05,0.00048400484004840053
97,2018-06-07 10:00:00.382257,0.4,4.000040000400005e-06,5,30,0.1468390105486734,1.600016000160002e-05,0.00048400484004840053
98,2018-06-07 10:00:01.892615,0.4,4.000040000400005e-06,3,51,0.09915728714138977,1.600016000160002e-05,0.00048400484004840053
99,2018-06-07 10:00:03.374639,0.4,4.000040000400005e-06,6,35,0.00848097541870836,1.2000120001200014e-05,0.00048800488004880054
100,2018-06-07 10:00:04.817416,0.4,4.000040000400005e-06,5,15,0.07700176068667958,1.2000120001200014e-05,0.00048800488004880054
101,2018-06-07 10:00:06.262986,0.4,4.000040000400005e-06,1,27,0.14662985068951143,1.600016000160002e-05,0.00048400484004840053
102,2018-06-07 10:00:07.618628,0.4,4.000040000400005e-06,1,35,0.19431180131917533,1.600016000160002e-05,0.00048400484004840053
103,2018-06-07 10:00:09.196329,0.4,4.000040000400005e-06,5,30,0.017644861339057582,1.600016000160002e-05,0.00048400484004840053
104,2018-06-07 10:00:10.761467,0.4,4.000040000400005e-06,7,23,0.12615737118135092,1.2000120001200014e-05,0.00048800488004880054
105,2018-06-07 10:00:12.215772,0.4,4.000040000400005e-06,7,28,0.18891048594652016,1.600016000160002e-05,0.00048400484004840053
106,2018-06-07 10:00:13.577790,0.4,4.000040000400005e-06,1,29,0.13132420264607,1.600016000160002e-05,0.0004920049200492005
107,2018-06-07 10:00:15.057689,0.4,4.000040000400005e-06,0,38,0.0759029341469182,1.2000120001200014e-05,0.00048400484004840053
108,2018-06-07 10:00:16.454639,0.4,4.000040000400005e-06,5,23,0.06741029627070731,1.600016000160002e-05,0.00048800488004880054
109,2018-06-07 10:00:17.921663,0.4,4.000040000400005e-06,6,18,0.017956066916471315,1.600016000160002e-05,0.00048400484004840053
110,2018-06-07 10:00:19.430416,0.4,4.000040000400005e-06,5,49,0.19770519461618263,1.600016000160002e-05,0.0004800048000480005
111,2018-06-07 10:00:20.916129,0.4,4.000040000400005e-06,3,20,0.1411223685025217,1.600016000160002e-05,0.00048400484004840053
112,2018-06-07 10:00:22.271670,0.4,4.000040000400005e-06,0,51,0.017049566126851046,1.2000120001200014e-05,0.00048400484004840053
113,2018-06-07 10:00:23.776956,0.4,4.000040000400005e-06,3,20,0.0041326421424118685,1.600016000160002e-05,0.00048400484004840053
114,2018-06-07 10:00:25.269889,0.4,4.000040000400005e-06,1,29,0.13153986129546538,1.2000120001200014e-05,0.00048400484004840053
115,2018-06-07 10:00:26.675938,0.4,4.000040000400005e-06,0,7,0.004762185414719178,1.2000120001200014e-05,0.0005120051200512006
116,2018-06-07 10:00:28.130840,0.4,4.000040000400005e-06,4,37,0.1712706855882505,1.2000120001200014e-05,0.00048400484004840053
117,2018-06-07 10:00:29.655875,0.4,4.000040000400005e-06,5,19,0.19214001500342084,1.600016000160002e-05,0.00048400484004840053
118,2018-06-07 10:00:31.020034,0.4,4.000040000400005e-06,6,23,0.13550316825229894,1.600016000160002e-05,0.00048400484004840053
119,2018-06-07 10:00:32.512196,0.4,4.000040000400005e-06,0,37,0.034329304518260016,1.600016000160002e-05,0.00048400484004840053
120,2018-06-07 10:00:33.961337,0.4,4.000040000400005e-06,5,10,0.10567057582155617,1.600016000160002e-05,0.00048800488004880054
121,2018-06-07 10:00:35.497572,0.4,4.000040000400005e-06,4,35,0.08590579758067779,1.2000120001200014e-05,0.00048400484004840053
122,2018-06-07 10:00:37.129499,0.4,4.000040000400005e-06,7,17,0.023697846904026966,1.600016000160002e-05,0.00048400484004840053
123,2018-06-07 10:00:38.556049,0.4,4.000040000400005e-06,5,16,0.08813785125431556,1.600016000160002e-05,0.00048400484004840053
124,2018-06-07 10:00:40.041761,0.4,4.000040000400005e-06,5,9,0.03693476193142416,1.600016000160002e-05,0.00048400484004840053
125,2018-06-07 10:00:41.408180,0.4,4.000040000400005e-06,6,34,0.03289421301076452,1.600016000160002e-05,0.00048400484004840053
126,2018-06-07 10:00:42.921407,0.4,4.000040000400005e-06,6,42,0.024276240502680714,1.600016000160002e-05,0.0004800048000480005
127,2018-06-07 10:00:44.403599,0.4,4.000040000400005e-06,1,50,0.08753178293393277,1.600016000160002e-05,0.00048400484004840053
128,2018-06-07 10:00:45.789773,0.4,4.000040000400005e-06,4,11,0.07927453875849562,1.600016000160002e-05,0.00048400484004840053
129,2018-06-07 10:00:47.249253,0.4,4.000040000400005e-06,3,20,0.08211318722025707,1.600016000160002e-05,0.00048800488004880054
130,2018-06-07 10:00:48.692433,0.4,4.000040000400005e-06,7,46,0.19080656665966736,1.600016000160002e-05,0.00048400484004840053
131,2018-06-07 10:00:50.214338,0.4,4.000040000400005e-06,2,16,0.0805614776961501,1.600016000160002e-05,0.00048400484004840053
132,2018-06-07 10:00:51.632055,0.4,4.000040000400005e-06,3,27,0.052253422605375445,1.600016000160002e-05,0.00048400484004840053
133,2018-06-07 10:00:53.084954,0.4,4.000040000400005e-06,4,26,0.19415367341529544,1.600016000160002e-05,0.00048800488004880054
134,2018-06-07 10:00:54.561254,0.4,4.000040000400005e-06,1,27,0.09785131300360433,1.600016000160002e-05,0.00048800488004880054
135,2018-06-07 10:00:56.072266,0.4,4.000040000400005e-06,3,49,0.12286340289551628,1.600016000160002e-05,0.00048400484004840053
136,2018-06-07 10:00:57.499908,0.4,4.000040000400005e-06,1,7,0.05324557704482851,1.600016000160002e-05,0.0005120051200512006
137,2018-06-07 10:00:58.892599,0.4,4.000040000400005e-06,5,20,0.03352848745690253,1.600016000160002e-05,0.00048400484004840053
138,2018-06-07 10:01:00.426070,0.4,4.000040000400005e-06,5,18,0.011850167850174254,1.600016000160002e-05,0.00048400484004840053
139,2018-06-07 10:01:01.961664,0.4,4.000040000400005e-06,7,51,0.013638831715282263,1.600016000160002e-05,0.00048400484004840053
140,2018-06-07 10:01:03.345615,0.4,4.000040000400005e-06,1,5,0.154900618498008,1.2000120001200014e-05,0.0005120051200512006
141,2018-06-07 10:01:04.794271,0.4,4.000040000400005e-06,6,31,0.0066569376490926094,1.600016000160002e-05,0.00048400484004840053
142,2018-06-07 10:01:06.224285,0.4,4.000040000400005e-06,7,2,0.08415658063706802,1.600016000160002e-05,0.0005160051600516006
143,2018-06-07 10:01:07.629813,0.4,4.000040000400005e-06,7,7,0.09300814020896325,1.2000120001200014e-05,0.0005160051600516006
144,2018-06-07 10:01:09.071408,0.4,4.000040000400005e-06,7,37,0.10860772357606002,1.600016000160002e-05,0.00048800488004880054
145,2018-06-07 10:01:10.461420,0.4,4.000040000400005e-06,6,11,0.18010450079229082,1.2000120001200014e-05,0.0004800048000480005
146,2018-06-07 10:01:11.923622,0.4,4.000040000400005e-06,5,29,0.09715033645694422,2.0000200002000023e-05,0.00048400484004840053
147,2018-06-07 10:01:13.325155,0.4,4.000040000400005e-06,2,10,0.05883539251428125,1.2000120001200014e-05,0.00048800488004880054
148,2018-06-07 10:01:14.708470,0.4,4.000040000400005e-06,2,39,0.1453902183217319,1.600016000160002e-05,0.0004800048000480005
149,2018-06-07 10:01:16.124648,0.4,4.000040000400005e-06,6,27,0.15059850076543058,1.600016000160002e-05,0.00048400484004840053
150,2018-06-07 10:01:17.583474,0.4,4.000040000400005e-06,7,12,0.0866057593738133,1.600016000160002e-05,0.00048400484004840053
151,2018-06-07 10:01:19.061275,0.4,4.000040000400005e-06,6,17,0.015389817757450986,1.600016000160002e-05,0.00048400484004840053
152,2018-06-07 10:01:20.479188,0.4,4.000040000400005e-06,4,33,0.10132379972128905,1.2000120001200014e-05,0.00048400484004840053
153,2018-06-07 10:01:21.910077,0.4,4.000040000400005e-06,0,19,0.16657751344009183,1.2000120001200014e-05,0.0004800048000480005
154,2018-06-07 10:01:23.440912,0.4,4.000040000400005e-06,2,46,0.0032316938223519998,1.600016000160002e-05,0.00048800488004880054
155,2018-06-07 10:01:24.931721,0.4,4.000040000400005e-06,1,50,0.12402676837187923,1.600016000160002e-05,0.00048400484004840053
156,2018-06-07 10:01:26.367648,0.4,4.000040000400005e-06,4,29,0.06442342524960776,1.600016000160002e-05,0.00048400484004840053
157,2018-06-07 10:01:27.874973,0.4,4.000040000400005e-06,3,33,0.15650403095848847,1.600016000160002e-05,0.00048400484004840053
158,2018-06-07 10:01:29.345267,0.4,4.000040000400005e-06,5,16,0.019402282593443922,1.600016000160002e-05,0.00048800488004880054
159,2018-06-07 10:01:30.752808,0.4,4.000040000400005e-06,1,26,0.03139856878258891,1.2000120001200014e-05,0.00048400484004840053
160,2018-06-07 10:01:32.155719,0.4,4.000040000400005e-06,6,8,0.057117252216663195,1.2000120001200014e-05,0.00048400484004840053
161,2018-06-07 10:01:33.548957,0.4,4.000040000400005e-06,4,22,0.19541344219855072,1.600016000160002e-05,0.0004800048000480005
162,2018-06-07 10:01:34.913186,0.4,4.000040000400005e-06,0,7,0.08464262557268948,1.2000120001200014e-05,0.0005120051200512006
163,2018-06-07 10:01:36.386869,0.4,4.000040000400005e-06,7,45,0.1593850234265367,1.600016000160002e-05,0.00048800488004880054
164,2018-06-07 10:01:37.832291,0.4,4.000040000400005e-06,6,26,0.08252675571810678,1.600016000160002e-05,0.00048400484004840053
165,2018-06-07 10:01:39.278769,0.4,4.000040000400005e-06,2,48,0.1430167757234826,1.600016000160002e-05,0.00048400484004840053
166,2018-06-07 10:01:40.675431,0.4,4.000040000400005e-06,6,10,0.1143924147445567,1.600016000160002e-05,0.00048800488004880054
167,2018-06-07 10:01:42.108690,0.4,4.000040000400005e-06,5,9,0.07145838548639878,1.600016000160002e-05,0.00048400484004840053
168,2018-06-07 10:01:43.526489,0.4,4.000040000400005e-06,1,16,0.18993020479057637,1.600016000160002e-05,0.00048400484004840053
169,2018-06-07 10:01:44.985940,0.4,4.000040000400005e-06,0,34,0.07757804699576237,1.600016000160002e-05,0.00048400484004840053
170,2018-06-07 10:01:46.421482,0.4,4.000040000400005e-06,2,10,0.15138834170810522,1.600016000160002e-05,0.00048400484004840053
171,2018-06-07 10:01:47.820263,0.4,4.000040000400005e-06,5,38,0.08176734726848872,1.2000120001200014e-05,0.00048400484004840053
172,2018-06-07 10:01:49.259961,0.4,4.000040000400005e-06,5,12,0.10608166220294737,1.600016000160002e-05,0.00048400484004840053
173,2018-06-07 10:01:50.683227,0.4,4.000040000400005e-06,5,48,0.09092855088474634,1.600016000160002e-05,0.00048400484004840053
174,2018-06-07 10:01:52.085465,0.4,4.000040000400005e-06,5,29,0.02064134670672009,1.600016000160002e-05,0.0004800048000480005
175,2018-06-07 10:01:53.523619,0.4,4.000040000400005e-06,1,44,0.1780509658204531,1.600016000160002e-05,0.00048400484004840053
176,2018-06-07 10:01:54.896250,0.4,4.000040000400005e-06,6,16,0.13244576094326815,1.600016000160002e-05,0.00048400484004840053
177,2018-06-07 10:01:56.392862,0.4,4.000040000400005e-06,0,50,0.12347804800897871,1.2000120001200014e-05,0.0004800048000480005
178,2018-06-07 10:01:57.752388,0.4,4.000040000400005e-06,3,25,0.021862236397270297,1.2000120001200014e-05,0.0004800048000480005
179,2018-06-07 10:01:59.269714,0.4,4.000040000400005e-06,4,2,0.19850844472020335,1.2000120001200014e-05,0.0005160051600516006
180,2018-06-07 10:02:00.713812,0.4,4.000040000400005e-06,3,29,0.06445897843076613,1.600016000160002e-05,0.00048400484004840053
181,2018-06-07 10:02:02.220680,0.4,4.000040000400005e-06,4,14,0.02617890227364175,1.600016000160002e-05,0.00048800488004880054
182,2018-06-07 10:02:03.704464,0.4,4.000040000400005e-06,5,14,0.06538169229268764,1.600016000160002e-05,0.0004800048000480005
183,2018-06-07 10:02:05.150583,0.4,4.000040000400005e-06,2,15,0.05114471670534058,1.600016000160002e-05,0.00048400484004840053
184,2018-06-07 10:02:06.499344,0.4,4.000040000400005e-06,2,40,0.10271630411762699,1.600016000160002e-05,0.00048400484004840053
185,2018-06-07 10:02:07.893168,0.4,4.000040000400005e-06,6,7,0.05053729870233841,1.600016000160002e-05,0.0005160051600516006
186,2018-06-07 10:02:09.260928,0.4,4.000040000400005e-06,6,18,0.003362626850709072,1.600016000160002e-05,0.0004920049200492005
187,2018-06-07 10:02:11.232730,0.4,4.000040000400005e-06,2,20,0.025662619638871422,2.0000200002000023e-05,0.00048400484004840053
188,2018-06-07 10:02:12.679541,0.4,4.000040000400005e-06,7,17,0.06472470714964569,1.600016000160002e-05,0.00048400484004840053
189,2018-06-07 10:02:14.043166,0.4,4.000040000400005e-06,6,8,0.11264341408913084,1.600016000160002e-05,0.00048400484004840053
190,2018-06-07 10:02:15.476778,0.4,4.000040000400005e-06,6,45,0.10156572885073589,1.2000120001200014e-05,0.0004800048000480005
191,2018-06-07 10:02:16.881718,0.4,4.000040000400005e-06,0,14,0.0319146114013634,1.600016000160002e-05,0.00048400484004840053
192,2018-06-07 10:02:18.257006,0.4,4.000040000400005e-06,2,25,0.02802014099904615,1.2000120001200014e-05,0.00048800488004880054
193,2018-06-07 10:02:19.697425,0.4,4.000040000400005e-06,1,45,0.09721462356990361,1.600016000160002e-05,0.00048400484004840053
194,2018-06-07 10:02:21.058129,0.4,4.000040000400005e-06,0,39,0.12961018673772426,1.600016000160002e-05,0.00048400484004840053
195,2018-06-07 10:02:22.469936,0.4,4.000040000400005e-06,3,17,0.05104137885591575,1.600016000160002e-05,0.00048400484004840053
196,2018-06-07 10:02:23.891999,0.4,4.000040000400005e-06,0,4,0.03928618243806275,1.2000120001200014e-05,0.0005120051200512006
197,2018-06-07 10:02:25.324047,0.4,4.000040000400005e-06,7,31,0.09178985427338915,1.600016000160002e-05,0.00048400484004840053
198,2018-06-07 10:02:26.724745,0.4,4.000040000400005e-06,0,30,0.12892657122745374,1.600016000160002e-05,0.00048400484004840053
199,2018-06-07 10:02:28.118065,0.4,4.000040000400005e-06,2,45,0.151074370447865,1.600016000160002e-05,0.00048400484004840053
200,2018-06-07 10:02:29.523810,0.4,4.000040000400005e-06,1,21,0.06402351990749103,1.600016000160002e-05,0.00048800488004880054
201,2018-06-07 10:02:30.962214,0.4,4.000040000400005e-06,0,14,0.05836679624555352,1.600016000160002e-05,0.00048800488004880054
202,2018-06-07 10:02:32.392141,0.4,4.000040000400005e-06,3,25,0.08670061007002826,1.600016000160002e-05,0.00048400484004840053
203,2018-06-07 10:02:33.853153,0.4,4.000040000400005e-06,6,32,0.1877079768621155,1.600016000160002e-05,0.00048400484004840053
204,2018-06-07 10:02:35.221512,0.4,4.000040000400005e-06,1,42,0.031091470815947677,1.600016000160002e-05,0.0004800048000480005
205,2018-06-07 10:02:36.611795,0.4,4.000040000400005e-06,1,15,0.16059374733306286,1.600016000160002e-05,0.00048400484004840053
206,2018-06-07 10:02:37.988057,0.4,4.000040000400005e-06,6,50,0.1333369905314385,1.600016000160002e-05,0.00048400484004840053
207,2018-06-07 10:02:39.398375,0.4,4.000040000400005e-06,7,39,0.13635657895934525,1.600016000160002e-05,0.00048800488004880054
208,2018-06-07 10:02:40.822828,0.4,4.000040000400005e-06,7,50,0.19542058278922625,1.600016000160002e-05,0.00048800488004880054
209,2018-06-07 10:02:42.262050,0.4,4.000040000400005e-06,5,49,0.16549466702323026,1.2000120001200014e-05,0.00048400484004840053
210,2018-06-07 10:02:43.742147,0.4,4.000040000400005e-06,1,38,0.055679552850074025,1.600016000160002e-05,0.00048400484004840053
211,2018-06-07 10:02:45.246474,0.4,4.000040000400005e-06,7,10,0.044518031725911116,1.600016000160002e-05,0.00048800488004880054
212,2018-06-07 10:02:46.622711,0.4,4.000040000400005e-06,6,27,0.17433552978030703,1.2000120001200014e-05,0.0004800048000480005
213,2018-06-07 10:02:47.977840,0.4,4.000040000400005e-06,0,24,0.13338339682428355,1.600016000160002e-05,0.00048800488004880054
214,2018-06-07 10:02:49.392634,0.4,4.000040000400005e-06,7,28,0.13369747249530708,1.600016000160002e-05,0.00048400484004840053
215,2018-06-07 10:02:50.829358,0.4,4.000040000400005e-06,3,28,0.0989965388136187,1.600016000160002e-05,0.00048400484004840053
216,2018-06-07 10:02:52.232236,0.4,4.000040000400005e-06,0,4,0.02033604402191971,1.600016000160002e-05,0.0005120051200512006
217,2018-06-07 10:02:53.596413,0.4,4.000040000400005e-06,3,12,0.13111449127199512,1.600016000160002e-05,0.0004800048000480005
218,2018-06-07 10:02:54.963490,0.4,4.000040000400005e-06,6,50,0.12493207592542216,1.600016000160002e-05,0.00048400484004840053
219,2018-06-07 10:02:56.348283,0.4,4.000040000400005e-06,4,45,0.18644008064188713,1.600016000160002e-05,0.00048400484004840053
220,2018-06-07 10:02:57.792210,0.4,4.000040000400005e-06,1,34,0.058212942683099914,1.600016000160002e-05,0.00048400484004840053
221,2018-06-07 10:02:59.238516,0.4,4.000040000400005e-06,5,15,0.11183557556444641,1.600016000160002e-05,0.00048400484004840053
222,2018-06-07 10:03:00.736568,0.4,4.000040000400005e-06,4,51,0.060995053759730314,1.600016000160002e-05,0.00048400484004840053
223,2018-06-07 10:03:02.339123,0.4,4.000040000400005e-06,1,15,0.10103483605298279,1.600016000160002e-05,0.00048400484004840053
224,2018-06-07 10:03:03.702382,0.4,4.000040000400005e-06,3,45,0.015694843087054513,1.600016000160002e-05,0.00048400484004840053
225,2018-06-07 10:03:05.082761,0.4,4.000040000400005e-06,2,12,0.14049363741633367,1.600016000160002e-05,0.00048400484004840053
226,2018-06-07 10:03:06.501226,0.4,4.000040000400005e-06,0,27,0.17465875473804385,1.600016000160002e-05,0.00048400484004840053
227,2018-06-07 10:03:07.927661,0.4,4.000040000400005e-06,1,30,0.1500952831494346,1.2000120001200014e-05,0.00048800488004880054
228,2018-06-07 10:03:09.433914,0.4,4.000040000400005e-06,0,42,0.11220626561135845,1.2000120001200014e-05,0.00048400484004840053
229,2018-06-07 10:03:10.837313,0.4,4.000040000400005e-06,1,37,0.05309150869704953,1.600016000160002e-05,0.0004800048000480005
230,2018-06-07 10:03:12.262518,0.4,4.000040000400005e-06,4,7,0.08076269783519868,1.2000120001200014e-05,0.0005120051200512006
231,2018-06-07 10:03:13.674511,0.4,4.000040000400005e-06,2,50,0.05775942989171417,1.600016000160002e-05,0.0004800048000480005
232,2018-06-07 10:03:15.130464,0.4,4.000040000400005e-06,7,11,0.031227161309337448,1.600016000160002e-05,0.00048400484004840053
233,2018-06-07 10:03:16.487544,0.4,4.000040000400005e-06,2,7,0.03189816870608937,1.600016000160002e-05,0.0005120051200512006
234,2018-06-07 10:03:17.981838,0.4,4.000040000400005e-06,5,40,0.005573880543837718,1.600016000160002e-05,0.0004800048000480005
235,2018-06-07 10:03:19.391638,0.4,4.000040000400005e-06,1,0,0.06404021195562437,1.600016000160002e-05,0.0005160051600516006
236,2018-06-07 10:03:20.753414,0.4,4.000040000400005e-06,6,22,0.028916290438695393,1.600016000160002e-05,0.0004920049200492005
237,2018-06-07 10:03:22.261707,0.4,4.000040000400005e-06,1,24,0.19466814197327978,1.2000120001200014e-05,0.0004800048000480005
238,2018-06-07 10:03:23.673884,0.4,4.000040000400005e-06,7,2,0.05922830001444834,1.600016000160002e-05,0.0005160051600516006
239,2018-06-07 10:03:25.051476,0.4,4.000040000400005e-06,6,21,0.13575445111159984,1.600016000160002e-05,0.00048800488004880054
240,2018-06-07 10:03:26.468054,0.4,4.000040000400005e-06,0,11,0.13910279841353773,1.2000120001200014e-05,0.00048400484004840053
241,2018-06-07 10:03:27.865622,0.4,4.000040000400005e-06,5,7,0.02133645239543447,1.600016000160002e-05,0.0005160051600516006
242,2018-06-07 10:03:29.269850,0.4,4.000040000400005e-06,2,37,0.05095659980744545,1.600016000160002e-05,0.0004800048000480005
243,2018-06-07 10:03:30.677262,0.4,4.000040000400005e-06,0,47,0.05775071662716516,1.2000120001200014e-05,0.0004800048000480005
244,2018-06-07 10:03:32.082264,0.4,4.000040000400005e-06,4,5,0.16714660921904634,1.600016000160002e-05,0.0005160051600516006
245,2018-06-07 10:03:33.497846,0.4,4.000040000400005e-06,0,45,0.07368817739951705,1.600016000160002e-05,0.00048400484004840053
246,2018-06-07 10:03:34.900007,0.4,4.000040000400005e-06,3,50,0.05766951060185188,1.600016000160002e-05,0.00048400484004840053
247,2018-06-07 10:03:36.428616,0.4,4.000040000400005e-06,5,14,0.1560357754605067,1.600016000160002e-05,0.00048400484004840053
248,2018-06-07 10:03:37.912433,0.4,4.000040000400005e-06,0,50,0.049627948319566545,1.2000120001200014e-05,0.00048800488004880054
249,2018-06-07 10:03:39.277840,0.4,4.000040000400005e-06,2,1,0.1432955127387307,1.600016000160002e-05,0.0005160051600516006
250,2018-06-07 10:03:40.677398,0.4,4.000040000400005e-06,6,32,0.051843093449947086,2.0000200002000023e-05,0.00048400484004840053
251,2018-06-07 10:03:42.122618,0.4,4.000040000400005e-06,1,9,0.016478507854901594,2.0000200002000023e-05,0.00048400484004840053
252,2018-06-07 10:03:43.676902,0.4,4.000040000400005e-06,3,45,0.006154148983153341,1.600016000160002e-05,0.00048400484004840053
253,2018-06-07 10:03:45.120463,0.4,4.000040000400005e-06,6,23,0.1024638179770246,1.600016000160002e-05,0.00048400484004840053
254,2018-06-07 10:03:46.542517,0.4,4.000040000400005e-06,3,9,0.177809347587246,1.600016000160002e-05,0.00048400484004840053
255,2018-06-07 10:03:47.947407,0.4,4.000040000400005e-06,3,42,0.047997590264367875,1.600016000160002e-05,0.00048400484004840053
256,2018-06-07 10:03:49.338511,0.4,4.000040000400005e-06,2,8,0.1254067837575614,1.2000120001200014e-05,0.00048400484004840053
257,2018-06-07 10:03:50.851185,0.4,4.000040000400005e-06,7,0,0.10849622553733805,1.600016000160002e-05,0.0005120051200512006
258,2018-06-07 10:03:52.214868,0.4,4.000040000400005e-06,5,5,0.13675938819465644,1.600016000160002e-05,0.0005120051200512006
259,2018-06-07 10:03:53.629239,0.4,4.000040000400005e-06,7,13,0.07257528746465994,1.600016000160002e-05,0.00048400484004840053
260,2018-06-07 10:03:55.040822,0.4,4.000040000400005e-06,6,51,0.18317763544972554,1.600016000160002e-05,0.00048400484004840053
261,2018-06-07 10:03:56.470582,0.4,4.000040000400005e-06,2,46,0.16901505108272488,1.600016000160002e-05,0.00048800488004880054
262,2018-06-07 10:03:57.844222,0.4,4.000040000400005e-06,7,20,0.025695958268922816,1.2000120001200014e-05,0.00048400484004840053
263,2018-06-07 10:03:59.317437,0.4,4.000040000400005e-06,4,29,0.013002751502687083,1.600016000160002e-05,0.0004800048000480005
264,2018-06-07 10:04:00.766331,0.4,4.000040000400005e-06,3,47,0.13397370874150535,1.600016000160002e-05,0.00048400484004840053
265,2018-06-07 10:04:02.253670,0.4,4.000040000400005e-06,3,4,0.053100982805583,2.0000200002000023e-05,0.0005080050800508006
266,2018-06-07 10:04:03.701261,0.4,4.000040000400005e-06,5,28,0.1635926843473523,1.600016000160002e-05,0.0004800048000480005
267,2018-06-07 10:04:05.085960,0.4,4.000040000400005e-06,7,17,0.12299494610056796,1.600016000160002e-05,0.00048400484004840053
268,2018-06-07 10:04:06.459083,0.4,4.000040000400005e-06,3,35,0.026302437000028146,1.600016000160002e-05,0.00048400484004840053
269,2018-06-07 10:04:07.857490,0.4,4.000040000400005e-06,3,37,0.10957534191062282,1.600016000160002e-05,0.00048800488004880054
270,2018-06-07 10:04:09.223593,0.4,4.000040000400005e-06,1,12,0.025667992503926196,1.600016000160002e-05,0.00048400484004840053
271,2018-06-07 10:04:10.578771,0.4,4.000040000400005e-06,2,43,0.03426031352673842,1.600016000160002e-05,0.00048400484004840053
272,2018-06-07 10:04:12.119710,0.4,4.000040000400005e-06,3,12,0.022010912077939194,1.2000120001200014e-05,0.00048800488004880054
273,2018-06-07 10:04:13.657137,0.4,4.000040000400005e-06,1,37,0.08549910151342893,1.600016000160002e-05,0.00048400484004840053
274,2018-06-07 10:04:15.076331,0.4,4.000040000400005e-06,1,33,0.07389931066892563,1.600016000160002e-05,0.00048400484004840053
275,2018-06-07 10:04:16.437483,0.4,4.000040000400005e-06,7,7,0.02624936624351857,1.600016000160002e-05,0.0005120051200512006
276,2018-06-07 10:04:17.854864,0.4,4.000040000400005e-06,6,29,0.13728467508995565,1.600016000160002e-05,0.00048400484004840053
277,2018-06-07 10:04:19.218315,0.4,4.000040000400005e-06,6,28,0.1291900726667559,1.600016000160002e-05,0.00048400484004840053
278,2018-06-07 10:04:20.605089,0.4,4.000040000400005e-06,5,37,0.15386209499801862,1.2000120001200014e-05,0.00048400484004840053
279,2018-06-07 10:04:22.101129,0.4,4.000040000400005e-06,0,6,0.07580409349118589,1.600016000160002e-05,0.0005160051600516006
280,2018-06-07 10:04:23.531253,0.4,4.000040000400005e-06,5,24,0.08287345490225767,1.600016000160002e-05,0.00048400484004840053
281,2018-06-07 10:04:24.897195,0.4,4.000040000400005e-06,1,28,0.12502137429753685,1.600016000160002e-05,0.00048400484004840053
282,2018-06-07 10:04:26.257828,0.4,4.000040000400005e-06,6,38,0.02412651484098749,1.600016000160002e-05,0.00048400484004840053
283,2018-06-07 10:04:27.668018,0.4,4.000040000400005e-06,3,32,0.06504500544224008,1.600016000160002e-05,0.00048400484004840053
284,2018-06-07 10:04:29.095688,0.4,4.000040000400005e-06,6,13,0.09280626066327852,1.600016000160002e-05,0.00048400484004840053
285,2018-06-07 10:04:30.445852,0.4,4.000040000400005e-06,2,30,0.10058079381629832,1.600016000160002e-05,0.0004800048000480005
286,2018-06-07 10:04:31.886750,0.4,4.000040000400005e-06,7,40,0.12847899509897806,1.600016000160002e-05,0.0004800048000480005
287,2018-06-07 10:04:33.351512,0.4,4.000040000400005e-06,3,35,0.14248060787013106,1.2000120001200014e-05,0.00048400484004840053
288,2018-06-07 10:04:34.725763,0.4,4.000040000400005e-06,0,46,0.07488524853118705,1.600016000160002e-05,0.00048800488004880054
289,2018-06-07 10:04:36.084866,0.4,4.000040000400005e-06,7,34,0.13011175148867724,1.600016000160002e-05,0.00048400484004840053
290,2018-06-07 10:04:37.485817,0.4,4.000040000400005e-06,3,9,0.05445565332717146,1.600016000160002e-05,0.00048400484004840053
291,2018-06-07 10:04:38.972337,0.4,4.000040000400005e-06,6,45,0.11279765559652706,1.600016000160002e-05,0.00048800488004880054
292,2018-06-07 10:04:40.464705,0.4,4.000040000400005e-06,4,6,0.0035118285208473043,1.600016000160002e-05,0.0005160051600516006
293,2018-06-07 10:04:41.805682,0.4,4.000040000400005e-06,1,13,0.09285589579031557,1.600016000160002e-05,0.0004800048000480005
294,2018-06-07 10:04:43.167674,0.4,4.000040000400005e-06,2,0,0.1226138491765856,1.2000120001200014e-05,0.0005120051200512006
295,2018-06-07 10:04:44.575724,0.4,4.000040000400005e-06,3,36,0.15443403288457003,1.600016000160002e-05,0.00048400484004840053
296,2018-06-07 10:04:46.114977,0.4,4.000040000400005e-06,4,28,0.0041057331096426624,1.600016000160002e-05,0.0004800048000480005
297,2018-06-07 10:04:47.501666,0.4,4.000040000400005e-06,1,28,0.15143842038758315,1.600016000160002e-05,0.0004800048000480005
298,2018-06-07 10:04:48.908191,0.4,4.000040000400005e-06,2,20,0.16981703949420296,1.600016000160002e-05,0.0004800048000480005
299,2018-06-07 10:04:50.398842,0.4,4.000040000400005e-06,3,8,0.0037234827648418237,1.2000120001200014e-05,0.0004960049600496006
300,2018-06-07 10:04:51.851497,0.4,4.000040000400005e-06,4,49,0.03513960332780286,1.600016000160002e-05,0.00048400484004840053
301,2018-06-07 10:04:53.195233,0.4,4.000040000400005e-06,5,50,0.09857559773189817,1.600016000160002e-05,0.00048400484004840053
302,2018-06-07 10:04:54.611039,0.4,4.000040000400005e-06,3,37,0.03427233163613781,1.2000120001200014e-05,0.0004800048000480005
303,2018-06-07 10:04:55.990539,0.4,4.000040000400005e-06,2,34,0.13970338644952826,1.600016000160002e-05,0.00048400484004840053
304,2018-06-07 10:04:57.442749,0.4,4.000040000400005e-06,0,50,0.17111364590098926,1.2000120001200014e-05,0.00048400484004840053
305,2018-06-07 10:04:58.855110,0.4,4.000040000400005e-06,3,14,0.17053803846404508,1.600016000160002e-05,0.00048400484004840053
306,2018-06-07 10:05:00.272378,0.4,4.000040000400005e-06,4,30,0.07907983213060694,1.600016000160002e-05,0.00048400484004840053
307,2018-06-07 10:05:01.783695,0.4,4.000040000400005e-06,0,35,0.0187180911553557,1.600016000160002e-05,0.00048400484004840053
308,2018-06-07 10:05:03.235323,0.4,4.000040000400005e-06,0,5,0.04642577900493688,1.600016000160002e-05,0.0005120051200512006
309,2018-06-07 10:05:04.652541,0.4,4.000040000400005e-06,1,6,0.19169386520187714,1.600016000160002e-05,0.0005120051200512006
310,2018-06-07 10:05:06.017499,0.4,4.000040000400005e-06,4,30,0.02189131557176438,1.2000120001200014e-05,0.00048400484004840053
311,2018-06-07 10:05:07.499991,0.4,4.000040000400005e-06,3,18,0.11072284985229955,1.600016000160002e-05,0.00048400484004840053
312,2018-06-07 10:05:08.850108,0.4,4.000040000400005e-06,0,21,0.00867733309610561,1.600016000160002e-05,0.0004800048000480005
313,2018-06-07 10:05:10.233056,0.4,4.000040000400005e-06,7,41,0.04824639169878353,1.600016000160002e-05,0.00048400484004840053
314,2018-06-07 10:05:11.702940,0.4,4.000040000400005e-06,2,0,0.12525944207413722,1.2000120001200014e-05,0.0005120051200512006
315,2018-06-07 10:05:13.329975,0.4,4.000040000400005e-06,3,42,0.14558337466717927,1.2000120001200014e-05,0.00048800488004880054
316,2018-06-07 10:05:14.845449,0.4,4.000040000400005e-06,2,10,0.12966533417761072,1.2000120001200014e-05,0.00048400484004840053
317,2018-06-07 10:05:16.235993,0.4,4.000040000400005e-06,1,44,0.01707534811368705,1.600016000160002e-05,0.00048400484004840053
318,2018-06-07 10:05:17.691938,0.4,4.000040000400005e-06,2,13,0.04427913122663212,1.600016000160002e-05,0.00048400484004840053
319,2018-06-07 10:05:19.139562,0.4,4.000040000400005e-06,2,41,0.06488474821215144,1.600016000160002e-05,0.00048400484004840053
320,2018-06-07 10:05:20.469834,0.4,4.000040000400005e-06,4,35,0.07433328499371505,1.600016000160002e-05,0.0004800048000480005
321,2018-06-07 10:05:21.809753,0.4,4.000040000400005e-06,5,9,0.19909199295609056,1.600016000160002e-05,0.00048400484004840053
322,2018-06-07 10:05:23.217976,0.4,4.000040000400005e-06,2,29,0.16518453959693383,1.600016000160002e-05,0.00048400484004840053
323,2018-06-07 10:05:24.687005,0.4,4.000040000400005e-06,7,4,0.11276872450506575,1.600016000160002e-05,0.0005120051200512006
324,2018-06-07 10:05:26.099869,0.4,4.000040000400005e-06,3,41,0.05686804963054091,1.600016000160002e-05,0.00048400484004840053
325,2018-06-07 10:05:27.557535,0.4,4.000040000400005e-06,7,3,0.02317649850572543,1.600016000160002e-05,0.0005120051200512006
326,2018-06-07 10:05:28.972215,0.4,4.000040000400005e-06,0,5,0.07802804696304258,2.0000200002000023e-05,0.0005120051200512006
327,2018-06-07 10:05:30.414320,0.4,4.000040000400005e-06,7,31,0.07292924000110212,1.2000120001200014e-05,0.00048400484004840053
328,2018-06-07 10:05:31.800773,0.4,4.000040000400005e-06,1,49,0.0505003298759414,1.600016000160002e-05,0.00048400484004840053
329,2018-06-07 10:05:33.308818,0.4,4.000040000400005e-06,0,45,0.18782304965548857,1.600016000160002e-05,0.00048400484004840053
330,2018-06-07 10:05:34.716782,0.4,4.000040000400005e-06,5,9,0.05736440070732651,1.600016000160002e-05,0.0004800048000480005
331,2018-06-07 10:05:36.193748,0.4,4.000040000400005e-06,0,37,0.02301858656102225,1.600016000160002e-05,0.00048400484004840053
332,2018-06-07 10:05:37.696603,0.4,4.000040000400005e-06,0,3,0.015488317518650674,1.600016000160002e-05,0.0005120051200512006
333,2018-06-07 10:05:39.088300,0.4,4.000040000400005e-06,4,14,0.19004388692418092,1.600016000160002e-05,0.00048800488004880054
334,2018-06-07 10:05:40.440617,0.4,4.000040000400005e-06,0,8,0.09633156153615959,1.600016000160002e-05,0.00048400484004840053
335,2018-06-07 10:05:41.812844,0.4,4.000040000400005e-06,1,30,0.11739290974614998,1.600016000160002e-05,0.00048400484004840053
336,2018-06-07 10:05:43.227615,0.4,4.000040000400005e-06,5,1,0.058715830508500266,1.600016000160002e-05,0.0005080050800508006
337,2018-06-07 10:05:44.686071,0.4,4.000040000400005e-06,2,38,0.1664397989017673,1.600016000160002e-05,0.00048800488004880054
338,2018-06-07 10:05:46.030857,0.4,4.000040000400005e-06,1,4,0.1973834140528031,1.600016000160002e-05,0.0005120051200512006
339,2018-06-07 10:05:47.405169,0.4,4.000040000400005e-06,0,34,0.03808116131052253,1.600016000160002e-05,0.00048400484004840053
340,2018-06-07 10:05:48.827404,0.4,4.000040000400005e-06,5,45,0.19173671161294562,1.600016000160002e-05,0.00048400484004840053
341,2018-06-07 10:05:50.259219,0.4,4.000040000400005e-06,6,37,0.1996384708301847,1.600016000160002e-05,0.0004800048000480005
342,2018-06-07 10:05:51.775350,0.4,4.000040000400005e-06,4,22,0.016236936463501928,1.600016000160002e-05,0.00048800488004880054
343,2018-06-07 10:05:53.197037,0.4,4.000040000400005e-06,6,20,0.11748913460615946,1.600016000160002e-05,0.00048400484004840053
344,2018-06-07 10:05:54.718702,0.4,4.000040000400005e-06,1,26,0.00904826073606806,1.600016000160002e-05,0.00048400484004840053
345,2018-06-07 10:05:56.128404,0.4,4.000040000400005e-06,6,6,0.05400126929195675,1.600016000160002e-05,0.0005120051200512006
346,2018-06-07 10:05:57.629954,0.4,4.000040000400005e-06,2,27,0.14922999272475504,1.600016000160002e-05,0.00048400484004840053
347,2018-06-07 10:05:59.092797,0.4,4.000040000400005e-06,2,15,0.005375317759138532,1.600016000160002e-05,0.00048800488004880054
348,2018-06-07 10:06:00.513270,0.4,4.000040000400005e-06,6,16,0.06665483575339352,1.600016000160002e-05,0.0004800048000480005
349,2018-06-07 10:06:01.922943,0.4,4.000040000400005e-06,0,39,0.13498029893151658,1.600016000160002e-05,0.00048400484004840053
350,2018-06-07 10:06:03.283992,0.4,4.000040000400005e-06,5,13,0.12250680122245623,1.600016000160002e-05,0.00048400484004840053
351,2018-06-07 10:06:04.651087,0.4,4.000040000400005e-06,2,25,0.12938314097329043,1.2000120001200014e-05,0.00048800488004880054
352,2018-06-07 10:06:06.060693,0.4,4.000040000400005e-06,0,22,0.05242685311764772,1.600016000160002e-05,0.00048400484004840053
353,2018-06-07 10:06:07.502997,0.4,4.000040000400005e-06,7,5,0.1960201805201823,1.600016000160002e-05,0.0005160051600516006
354,2018-06-07 10:06:08.915601,0.4,4.000040000400005e-06,7,14,0.13699840318436565,1.600016000160002e-05,0.0004800048000480005
355,2018-06-07 10:06:10.294785,0.4,4.000040000400005e-06,7,22,0.13895247895367122,1.600016000160002e-05,0.00048400484004840053
356,2018-06-07 10:06:11.768569,0.4,4.000040000400005e-06,0,9,0.08678425088576845,1.600016000160002e-05,0.00048400484004840053
357,2018-06-07 10:06:13.217539,0.4,4.000040000400005e-06,1,12,0.060890406720812654,1.600016000160002e-05,0.00048400484004840053
358,2018-06-07 10:06:14.626723,0.4,4.000040000400005e-06,5,6,0.12895770087808242,1.600016000160002e-05,0.0005160051600516006
359,2018-06-07 10:06:16.046556,0.4,4.000040000400005e-06,5,45,0.18172511797538426,1.2000120001200014e-05,0.0004800048000480005
360,2018-06-07 10:06:17.463126,0.4,4.000040000400005e-06,1,7,0.17429078532406306,1.2000120001200014e-05,0.0005160051600516006
361,2018-06-07 10:06:18.904098,0.4,4.000040000400005e-06,5,2,0.0685169694166649,1.600016000160002e-05,0.0005120051200512006
362,2018-06-07 10:06:20.267944,0.4,4.000040000400005e-06,7,23,0.13814512683331842,1.600016000160002e-05,0.00048400484004840053
363,2018-06-07 10:06:21.620788,0.4,4.000040000400005e-06,4,37,0.01376741429223325,1.600016000160002e-05,0.00048400484004840053
364,2018-06-07 10:06:22.977009,0.4,4.000040000400005e-06,2,28,0.012082303872803424,1.600016000160002e-05,0.00048400484004840053
365,2018-06-07 10:06:24.498415,0.4,4.000040000400005e-06,1,46,0.19387481911386573,1.600016000160002e-05,0.00048400484004840053
366,2018-06-07 10:06:25.876275,0.4,4.000040000400005e-06,7,47,0.04358557745016476,1.600016000160002e-05,0.00048800488004880054
367,2018-06-07 10:06:27.253219,0.4,4.000040000400005e-06,5,2,0.0434925959542156,1.600016000160002e-05,0.0005120051200512006
368,2018-06-07 10:06:28.662533,0.4,4.000040000400005e-06,7,30,0.12736372019484177,2.0000200002000023e-05,0.00048800488004880054
369,2018-06-07 10:06:30.057259,0.4,4.000040000400005e-06,1,37,0.17424262128967538,1.600016000160002e-05,0.00048400484004840053
370,2018-06-07 10:06:31.464389,0.4,4.000040000400005e-06,3,38,0.15704089622386658,1.2000120001200014e-05,0.00048800488004880054
371,2018-06-07 10:06:32.847038,0.4,4.000040000400005e-06,2,34,0.030251092740734942,1.2000120001200014e-05,0.00048800488004880054
372,2018-06-07 10:06:34.306988,0.4,4.000040000400005e-06,1,15,0.17282423752347242,1.600016000160002e-05,0.00048400484004840053
373,2018-06-07 10:06:35.720986,0.4,4.000040000400005e-06,0,45,0.024939298579373204,1.600016000160002e-05,0.00048400484004840053
374,2018-06-07 10:06:37.172536,0.4,4.000040000400005e-06,6,36,0.16274293714750707,1.2000120001200014e-05,0.00048400484004840053
375,2018-06-07 10:06:38.518259,0.4,4.000040000400005e-06,0,47,0.17542337947943726,1.600016000160002e-05,0.00048800488004880054
376,2018-06-07 10:06:39.875664,0.4,4.000040000400005e-06,6,42,0.08675618809142434,1.600016000160002e-05,0.00048400484004840053
377,2018-06-07 10:06:41.261118,0.4,4.000040000400005e-06,1,14,0.1504085461305514,1.600016000160002e-05,0.00048800488004880054
378,2018-06-07 10:06:42.665906,0.4,4.000040000400005e-06,6,16,0.0679502554310067,1.2000120001200014e-05,0.00048400484004840053
379,2018-06-07 10:06:44.067008,0.4,4.000040000400005e-06,6,8,0.025243307842753727,1.600016000160002e-05,0.00048400484004840053
380,2018-06-07 10:06:45.437705,0.4,4.000040000400005e-06,1,35,0.025946104665261174,1.600016000160002e-05,0.00048400484004840053
381,2018-06-07 10:06:46.865605,0.4,4.000040000400005e-06,6,4,0.08237435614885497,1.600016000160002e-05,0.0005160051600516006
382,2018-06-07 10:06:48.269622,0.4,4.000040000400005e-06,7,42,0.19050723344594933,1.2000120001200014e-05,0.00048400484004840053
383,2018-06-07 10:06:49.678082,0.4,4.000040000400005e-06,2,21,0.16075870453318222,1.2000120001200014e-05,0.00048800488004880054
384,2018-06-07 10:06:51.088313,0.4,4.000040000400005e-06,2,1,0.04039906904206472,1.600016000160002e-05,0.0005160051600516006
385,2018-06-07 10:06:52.436488,0.4,4.000040000400005e-06,0,38,0.18490363655753184,1.600016000160002e-05,0.00048800488004880054
386,2018-06-07 10:06:53.791068,0.4,4.000040000400005e-06,4,27,0.08584297711623223,1.600016000160002e-05,0.00048400484004840053
387,2018-06-07 10:06:55.210899,0.4,4.000040000400005e-06,7,48,0.16167296323876568,1.600016000160002e-05,0.00048400484004840053
388,2018-06-07 10:06:56.592941,0.4,4.000040000400005e-06,2,10,0.129986451833003,1.2000120001200014e-05,0.0004800048000480005
389,2018-06-07 10:06:57.987070,0.4,4.000040000400005e-06,5,13,0.04538183964120693,1.600016000160002e-05,0.00048800488004880054
390,2018-06-07 10:06:59.366033,0.4,4.000040000400005e-06,2,31,0.036133225522009774,1.600016000160002e-05,0.0004800048000480005
391,2018-06-07 10:07:00.726782,0.4,4.000040000400005e-06,3,27,0.12989452885313107,1.2000120001200014e-05,0.00048400484004840053
392,2018-06-07 10:07:02.231020,0.4,4.000040000400005e-06,0,16,0.16473641081445475,1.2000120001200014e-05,0.00048400484004840053
393,2018-06-07 10:07:03.570885,0.4,4.000040000400005e-06,5,46,0.09393224264670573,1.2000120001200014e-05,0.00048400484004840053
394,2018-06-07 10:07:04.978574,0.4,4.000040000400005e-06,0,29,0.12996148340369515,1.2000120001200014e-05,0.0004800048000480005
395,2018-06-07 10:07:06.445737,0.4,4.000040000400005e-06,0,35,0.19260410217969226,1.600016000160002e-05,0.00048800488004880054
396,2018-06-07 10:07:07.797091,0.4,4.000040000400005e-06,6,19,0.12078723072937876,1.600016000160002e-05,0.0004800048000480005
397,2018-06-07 10:07:09.238622,0.4,4.000040000400005e-06,2,17,0.1548826542726759,1.600016000160002e-05,0.00048400484004840053
398,2018-06-07 10:07:10.690190,0.4,4.000040000400005e-06,3,4,0.03605272609039436,1.600016000160002e-05,0.0005160051600516006
399,2018-06-07 10:07:12.106036,0.4,4.000040000400005e-06,1,8,0.17791133847242965,1.600016000160002e-05,0.00048400484004840053
400,2018-06-07 10:07:13.457667,0.4,4.000040000400005e-06,0,50,0.18511719859433895,1.600016000160002e-05,0.00048400484004840053
401,2018-06-07 10:07:14.896834,0.4,4.000040000400005e-06,7,11,0.15931571986976995,1.600016000160002e-05,0.00048400484004840053
402,2018-06-07 10:07:16.318343,0.4,4.000040000400005e-06,7,16,0.03996962721838657,1.600016000160002e-05,0.00048400484004840053
403,2018-06-07 10:07:17.781736,0.4,4.000040000400005e-06,2,46,0.0439956055106959,1.600016000160002e-05,0.00048400484004840053
404,2018-06-07 10:07:19.167608,0.4,4.000040000400005e-06,0,9,0.016747593818626807,1.600016000160002e-05,0.00048800488004880054
405,2018-06-07 10:07:20.559239,0.4,4.000040000400005e-06,3,37,0.12092982131828452,1.600016000160002e-05,0.00048800488004880054
406,2018-06-07 10:07:22.019272,0.4,4.000040000400005e-06,6,10,0.08476748075576224,1.600016000160002e-05,0.00048400484004840053
407,2018-06-07 10:07:23.504621,0.4,4.000040000400005e-06,4,26,0.19345643594553952,1.600016000160002e-05,0.00048400484004840053
408,2018-06-07 10:07:24.938367,0.4,4.000040000400005e-06,2,12,0.15049641183848117,1.600016000160002e-05,0.00048800488004880054
409,2018-06-07 10:07:26.346752,0.4,4.000040000400005e-06,7,33,0.033469411495849144,1.2000120001200014e-05,0.00048400484004840053
410,2018-06-07 10:07:27.900931,0.4,4.000040000400005e-06,0,28,0.05663867574712172,1.600016000160002e-05,0.0004800048000480005
411,2018-06-07 10:07:29.298149,0.4,4.000040000400005e-06,4,19,0.10472243481570567,1.600016000160002e-05,0.00048800488004880054
412,2018-06-07 10:07:30.835361,0.4,4.000040000400005e-06,4,20,0.11835060719155338,1.600016000160002e-05,0.0004800048000480005
413,2018-06-07 10:07:32.242513,0.4,4.000040000400005e-06,2,51,0.15472360992890402,1.2000120001200014e-05,0.0004800048000480005
414,2018-06-07 10:07:33.684146,0.4,4.000040000400005e-06,4,42,0.019002362407717535,1.600016000160002e-05,0.00048800488004880054
415,2018-06-07 10:07:35.125516,0.4,4.000040000400005e-06,2,1,0.024957515519382013,1.600016000160002e-05,0.0005120051200512006
416,2018-06-07 10:07:36.540424,0.4,4.000040000400005e-06,3,31,0.17157567506884275,1.600016000160002e-05,0.00048400484004840053
417,2018-06-07 10:07:37.994231,0.4,4.000040000400005e-06,0,3,0.12120649960263018,1.600016000160002e-05,0.0005080050800508006
418,2018-06-07 10:07:39.458720,0.4,4.000040000400005e-06,2,21,0.051980720661632285,1.600016000160002e-05,0.00048400484004840053
419,2018-06-07 10:07:40.858324,0.4,4.000040000400005e-06,2,20,0.028856860706164823,1.600016000160002e-05,0.0004800048000480005
420,2018-06-07 10:07:42.295098,0.4,4.000040000400005e-06,5,41,0.005769595537684214,1.600016000160002e-05,0.0004920049200492005
421,2018-06-07 10:07:43.724880,0.4,4.000040000400005e-06,3,39,0.09077946069380785,1.600016000160002e-05,0.0004800048000480005
422,2018-06-07 10:07:45.150453,0.4,4.000040000400005e-06,5,12,0.17429132247995324,1.2000120001200014e-05,0.00048400484004840053
423,2018-06-07 10:07:46.607942,0.4,4.000040000400005e-06,5,30,0.12517013838984958,1.600016000160002e-05,0.00048800488004880054
424,2018-06-07 10:07:48.098463,0.4,4.000040000400005e-06,5,7,0.08504819469877334,2.0000200002000023e-05,0.0005120051200512006
425,2018-06-07 10:07:49.508153,0.4,4.000040000400005e-06,1,21,0.057712670131404444,1.600016000160002e-05,0.00048400484004840053
426,2018-06-07 10:07:50.977636,0.4,4.000040000400005e-06,1,44,0.17161697593986155,1.600016000160002e-05,0.0004800048000480005
427,2018-06-07 10:07:52.425221,0.4,4.000040000400005e-06,1,30,0.06930879146833331,1.600016000160002e-05,0.00048400484004840053
428,2018-06-07 10:07:54.027928,0.4,4.000040000400005e-06,7,26,0.10123768191842895,1.2000120001200014e-05,0.00048800488004880054
429,2018-06-07 10:07:55.417795,0.4,4.000040000400005e-06,7,41,0.11408478965546331,1.600016000160002e-05,0.00048400484004840053
430,2018-06-07 10:07:56.804122,0.4,4.000040000400005e-06,2,15,0.15331124899815715,1.600016000160002e-05,0.0004800048000480005
431,2018-06-07 10:07:58.247730,0.4,4.000040000400005e-06,2,17,0.12865263867229293,1.600016000160002e-05,0.00048400484004840053
432,2018-06-07 10:07:59.585056,0.4,4.000040000400005e-06,0,14,0.08158544173999616,1.600016000160002e-05,0.00048400484004840053
433,2018-06-07 10:08:01.002740,0.4,4.000040000400005e-06,6,45,0.14341446596269872,1.600016000160002e-05,0.00048400484004840053
434,2018-06-07 10:08:02.502493,0.4,4.000040000400005e-06,5,24,0.09277629192158254,1.600016000160002e-05,0.00048400484004840053
435,2018-06-07 10:08:04.018125,0.4,4.000040000400005e-06,5,28,0.07269883686998883,1.2000120001200014e-05,0.00048400484004840053
436,2018-06-07 10:08:05.449018,0.4,4.000040000400005e-06,1,32,0.02176818047370832,1.600016000160002e-05,0.00048400484004840053
437,2018-06-07 10:08:06.852855,0.4,4.000040000400005e-06,7,32,0.001675919450916874,1.600016000160002e-05,0.00048400484004840053
438,2018-06-07 10:08:08.258910,0.4,4.000040000400005e-06,0,13,0.04953890741929328,1.2000120001200014e-05,0.00048400484004840053
439,2018-06-07 10:08:09.696153,0.4,4.000040000400005e-06,3,16,0.08416250284278093,1.600016000160002e-05,0.00048400484004840053
440,2018-06-07 10:08:11.145636,0.4,4.000040000400005e-06,5,31,0.19704203826751854,2.0000200002000023e-05,0.00048800488004880054
441,2018-06-07 10:08:12.665399,0.4,4.000040000400005e-06,4,37,0.0959889892099018,1.600016000160002e-05,0.00048400484004840053
442,2018-06-07 10:08:14.060337,0.4,4.000040000400005e-06,2,28,0.10398916671225818,1.600016000160002e-05,0.00048400484004840053
443,2018-06-07 10:08:15.538060,0.4,4.000040000400005e-06,4,9,0.19629053897502913,1.600016000160002e-05,0.00048400484004840053
444,2018-06-07 10:08:17.015178,0.4,4.000040000400005e-06,4,36,0.04340938409884581,1.600016000160002e-05,0.0004800048000480005
445,2018-06-07 10:08:18.538720,0.4,4.000040000400005e-06,4,20,0.053502897889259084,1.600016000160002e-05,0.00048400484004840053
446,2018-06-07 10:08:19.880903,0.4,4.000040000400005e-06,0,37,0.0137754470281231,1.600016000160002e-05,0.0004800048000480005
447,2018-06-07 10:08:21.332412,0.4,4.000040000400005e-06,0,32,0.10767849560477788,1.600016000160002e-05,0.0004920049200492005
448,2018-06-07 10:08:22.768661,0.4,4.000040000400005e-06,2,51,0.09316892689360645,1.600016000160002e-05,0.00048800488004880054
449,2018-06-07 10:08:24.221109,0.4,4.000040000400005e-06,4,46,0.06949192870759095,1.600016000160002e-05,0.00048400484004840053
450,2018-06-07 10:08:25.683927,0.4,4.000040000400005e-06,3,47,0.05430299118813458,1.600016000160002e-05,0.00048400484004840053
451,2018-06-07 10:08:27.160217,0.4,4.000040000400005e-06,3,26,0.1640396714777341,1.600016000160002e-05,0.00048400484004840053
452,2018-06-07 10:08:28.693974,0.4,4.000040000400005e-06,0,8,0.08811816571382947,1.2000120001200014e-05,0.00048400484004840053
453,2018-06-07 10:08:30.110190,0.4,4.000040000400005e-06,2,18,0.0786885576105554,1.600016000160002e-05,0.00048400484004840053
454,2018-06-07 10:08:31.564063,0.4,4.000040000400005e-06,7,7,0.14810627776447788,1.2000120001200014e-05,0.0005120051200512006
455,2018-06-07 10:08:32.940881,0.4,4.000040000400005e-06,1,29,0.010426268672762773,1.600016000160002e-05,0.00048400484004840053
456,2018-06-07 10:08:34.442834,0.4,4.000040000400005e-06,5,46,0.019843705889831954,1.600016000160002e-05,0.00048800488004880054
457,2018-06-07 10:08:35.839628,0.4,4.000040000400005e-06,0,47,0.05384833539753975,1.600016000160002e-05,0.00048400484004840053
458,2018-06-07 10:08:37.277750,0.4,4.000040000400005e-06,0,46,0.1601199214675439,1.600016000160002e-05,0.0004800048000480005
459,2018-06-07 10:08:38.669261,0.4,4.000040000400005e-06,4,10,0.05228945492782289,1.600016000160002e-05,0.00048400484004840053
460,2018-06-07 10:08:40.064281,0.4,4.000040000400005e-06,6,42,0.15405830478568877,1.2000120001200014e-05,0.00048400484004840053
461,2018-06-07 10:08:41.452093,0.4,4.000040000400005e-06,7,10,0.12384676182070216,1.600016000160002e-05,0.00048800488004880054
462,2018-06-07 10:08:42.903886,0.4,4.000040000400005e-06,4,45,0.13998415125943042,1.2000120001200014e-05,0.00048400484004840053
463,2018-06-07 10:08:44.340600,0.4,4.000040000400005e-06,4,7,0.04911985641380015,2.0000200002000023e-05,0.0005120051200512006
464,2018-06-07 10:08:45.702796,0.4,4.000040000400005e-06,1,17,0.13103984885747957,1.600016000160002e-05,0.00048400484004840053
465,2018-06-07 10:08:47.232012,0.4,4.000040000400005e-06,6,18,0.02956701269096436,1.600016000160002e-05,0.0004800048000480005
466,2018-06-07 10:08:48.696539,0.4,4.000040000400005e-06,3,49,0.06884516923666743,1.600016000160002e-05,0.0004800048000480005
467,2018-06-07 10:08:50.048405,0.4,4.000040000400005e-06,5,47,0.19173516815198416,1.600016000160002e-05,0.00048400484004840053
468,2018-06-07 10:08:51.441681,0.4,4.000040000400005e-06,4,21,0.04646929568020319,1.2000120001200014e-05,0.00048400484004840053
469,2018-06-07 10:08:52.816613,0.4,4.000040000400005e-06,2,41,0.04242104000005871,1.600016000160002e-05,0.00048400484004840053
470,2018-06-07 10:08:54.344912,0.4,4.000040000400005e-06,2,28,0.05931732498977782,1.600016000160002e-05,0.00048400484004840053
471,2018-06-07 10:08:55.803624,0.4,4.000040000400005e-06,3,22,0.18503425244757618,1.600016000160002e-05,0.00048800488004880054
472,2018-06-07 10:08:57.173765,0.4,4.000040000400005e-06,0,2,0.1328331244814486,1.600016000160002e-05,0.0005120051200512006
473,2018-06-07 10:08:58.622498,0.4,4.000040000400005e-06,2,7,0.09049308959147105,1.600016000160002e-05,0.0005160051600516006
474,2018-06-07 10:09:00.059877,0.4,4.000040000400005e-06,5,29,0.17047580363356668,1.600016000160002e-05,0.0004920049200492005
475,2018-06-07 10:09:01.432857,0.4,4.000040000400005e-06,4,41,0.12135482558195365,1.600016000160002e-05,0.00048400484004840053
476,2018-06-07 10:09:02.888791,0.4,4.000040000400005e-06,6,15,0.031090660865977383,1.600016000160002e-05,0.0004800048000480005
477,2018-06-07 10:09:04.368457,0.4,4.000040000400005e-06,2,48,0.00240308324317251,1.600016000160002e-05,0.00048800488004880054
478,2018-06-07 10:09:05.805095,0.4,4.000040000400005e-06,2,45,0.19869451926839646,1.600016000160002e-05,0.00048400484004840053
479,2018-06-07 10:09:07.257590,0.4,4.000040000400005e-06,6,14,0.008011728447465827,1.2000120001200014e-05,0.00048400484004840053
480,2018-06-07 10:09:08.663604,0.4,4.000040000400005e-06,6,16,0.16826446417653348,1.600016000160002e-05,0.00048400484004840053
481,2018-06-07 10:09:10.049990,0.4,4.000040000400005e-06,2,29,0.17598737253479166,1.2000120001200014e-05,0.0004800048000480005
482,2018-06-07 10:09:11.414023,0.4,4.000040000400005e-06,1,51,0.024502468255599832,1.600016000160002e-05,0.00048400484004840053
483,2018-06-07 10:09:12.951125,0.4,4.000040000400005e-06,0,45,0.1072944389091391,1.2000120001200014e-05,0.00048400484004840053
484,2018-06-07 10:09:14.433919,0.4,4.000040000400005e-06,4,5,0.1557556363704781,1.600016000160002e-05,0.0005160051600516006
485,2018-06-07 10:09:15.792502,0.4,4.000040000400005e-06,6,12,0.08937003215752744,1.600016000160002e-05,0.00048400484004840053
486,2018-06-07 10:09:17.305825,0.4,4.000040000400005e-06,3,31,0.0864705782421233,1.600016000160002e-05,0.00048400484004840053
487,2018-06-07 10:09:18.703493,0.4,4.000040000400005e-06,2,35,0.04989898216849209,1.600016000160002e-05,0.00048400484004840053
488,2018-06-07 10:09:20.149930,0.4,4.000040000400005e-06,4,41,0.17090667506354892,1.600016000160002e-05,0.00048400484004840053
489,2018-06-07 10:09:21.572604,0.4,4.000040000400005e-06,1,38,0.07527281795364422,2.0000200002000023e-05,0.00048400484004840053
490,2018-06-07 10:09:23.015147,0.4,4.000040000400005e-06,2,46,0.007581997800831464,1.2000120001200014e-05,0.00048400484004840053
491,2018-06-07 10:09:24.463704,0.4,4.000040000400005e-06,7,48,0.042802619849265304,2.0000200002000023e-05,0.00048400484004840053
492,2018-06-07 10:09:25.929185,0.4,4.000040000400005e-06,0,23,0.11936741683748309,2.0000200002000023e-05,0.00048400484004840053
493,2018-06-07 10:09:27.412575,0.4,4.000040000400005e-06,3,15,0.15285764830429505,1.2000120001200014e-05,0.00048400484004840053
494,2018-06-07 10:09:28.848247,0.4,4.000040000400005e-06,6,31,0.1570194355323886,1.600016000160002e-05,0.00048800488004880054
495,2018-06-07 10:09:30.330985,0.4,4.000040000400005e-06,0,17,0.11064094733871102,1.600016000160002e-05,0.00048400484004840053
496,2018-06-07 10:09:31.742168,0.4,4.000040000400005e-06,3,8,0.16893383250098515,1.2000120001200014e-05,0.00048400484004840053
497,2018-06-07 10:09:33.141047,0.4,4.000040000400005e-06,2,25,0.06042080212079903,1.600016000160002e-05,0.00048400484004840053
498,2018-06-07 10:09:34.640843,0.4,4.000040000400005e-06,1,18,0.08949000444571241,1.600016000160002e-05,0.00048400484004840053
499,2018-06-07 10:09:35.988324,0.4,4.000040000400005e-06,1,3,0.0023395471016990355,1.600016000160002e-05,0.0005080050800508006
500,2018-06-07 10:09:37.458578,0.4,4.000040000400005e-06,2,32,0.08196426177845546,1.600016000160002e-05,0.00048400484004840053
501,2018-06-07 10:09:38.921900,0.4,4.000040000400005e-06,3,45,0.17493557855453762,1.600016000160002e-05,0.00048400484004840053
502,2018-06-07 10:09:40.387889,0.4,4.000040000400005e-06,5,35,0.17857496167298542,1.600016000160002e-05,0.00048400484004840053
503,2018-06-07 10:09:41.764776,0.4,4.000040000400005e-06,7,33,0.12568612967478301,2.0000200002000023e-05,0.00048400484004840053
504,2018-06-07 10:09:43.184112,0.4,4.000040000400005e-06,0,38,0.03395017433369054,1.600016000160002e-05,0.0004800048000480005
505,2018-06-07 10:09:44.574879,0.4,4.000040000400005e-06,2,15,0.1373115101285247,1.600016000160002e-05,0.00048400484004840053
506,2018-06-07 10:09:45.991387,0.4,4.000040000400005e-06,5,18,0.056129554647962814,1.2000120001200014e-05,0.00048800488004880054
507,2018-06-07 10:09:47.388600,0.4,4.000040000400005e-06,3,35,0.18601551512340697,1.600016000160002e-05,0.00048400484004840053
508,2018-06-07 10:09:48.863309,0.4,4.000040000400005e-06,6,36,0.12049667269604014,2.0000200002000023e-05,0.00048400484004840053
509,2018-06-07 10:09:50.321997,0.4,4.000040000400005e-06,4,15,0.07526301240199192,1.600016000160002e-05,0.00048400484004840053
510,2018-06-07 10:09:51.705333,0.4,4.000040000400005e-06,4,47,0.13957953235366677,1.600016000160002e-05,0.00048400484004840053
511,2018-06-07 10:09:53.104090,0.4,4.000040000400005e-06,3,32,0.09659889845213243,1.600016000160002e-05,0.00048800488004880054
512,2018-06-07 10:09:54.559004,0.4,4.000040000400005e-06,2,40,0.16495033156949035,1.600016000160002e-05,0.00048400484004840053
513,2018-06-07 10:09:56.033693,0.4,4.000040000400005e-06,1,51,0.1936673242875355,1.600016000160002e-05,0.00048800488004880054
514,2018-06-07 10:09:57.429359,0.4,4.000040000400005e-06,2,40,0.18944599111491345,1.600016000160002e-05,0.00048400484004840053
515,2018-06-07 10:09:58.797616,0.4,4.000040000400005e-06,7,30,0.026780390115827713,1.2000120001200014e-05,0.00048400484004840053
516,2018-06-07 10:10:00.190885,0.4,4.000040000400005e-06,3,20,0.052423897329309126,1.2000120001200014e-05,0.00048800488004880054
517,2018-06-07 10:10:01.630667,0.4,4.000040000400005e-06,0,5,0.04921811452988989,1.600016000160002e-05,0.0005200052000520006
518,2018-06-07 10:10:03.143528,0.4,4.000040000400005e-06,2,1,0.02868499559594111,1.600016000160002e-05,0.0005120051200512006
519,2018-06-07 10:10:04.623290,0.4,4.000040000400005e-06,1,5,0.11171597202393374,1.600016000160002e-05,0.0005120051200512006
520,2018-06-07 10:10:05.967545,0.4,4.000040000400005e-06,0,13,0.17510702728074864,1.600016000160002e-05,0.00048800488004880054
521,2018-06-07 10:10:07.460382,0.4,4.000040000400005e-06,1,49,0.011710662019082286,1.2000120001200014e-05,0.00048400484004840053
522,2018-06-07 10:10:08.865956,0.4,4.000040000400005e-06,3,7,0.07524117530735142,1.600016000160002e-05,0.0005120051200512006
523,2018-06-07 10:10:10.358250,0.4,4.000040000400005e-06,4,18,0.014432740509300568,1.2000120001200014e-05,0.00048400484004840053
524,2018-06-07 10:10:11.781699,0.4,4.000040000400005e-06,6,32,0.17430531575518912,1.600016000160002e-05,0.00048800488004880054
525,2018-06-07 10:10:13.329503,0.4,4.000040000400005e-06,3,13,0.019209110676493224,1.2000120001200014e-05,0.00048400484004840053
526,2018-06-07 10:10:14.818255,0.4,4.000040000400005e-06,7,12,0.1271437044741981,2.0000200002000023e-05,0.00048400484004840053
527,2018-06-07 10:10:16.317086,0.4,4.000040000400005e-06,5,35,0.06717987806778203,1.600016000160002e-05,0.00048800488004880054
528,2018-06-07 10:10:17.731151,0.4,4.000040000400005e-06,6,16,0.09098434363182645,1.600016000160002e-05,0.00048400484004840053
529,2018-06-07 10:10:19.224958,0.4,4.000040000400005e-06,2,46,0.09172909906442006,1.600016000160002e-05,0.00048400484004840053
530,2018-06-07 10:10:20.628525,0.4,4.000040000400005e-06,3,28,0.13300670288207223,1.600016000160002e-05,0.00048400484004840053
531,2018-06-07 10:10:22.211589,0.4,4.000040000400005e-06,7,45,0.06232121299299176,1.2000120001200014e-05,0.00048400484004840053
532,2018-06-07 10:10:23.634170,0.4,4.000040000400005e-06,0,12,0.04941416339469445,1.600016000160002e-05,0.00048800488004880054
533,2018-06-07 10:10:25.079477,0.4,4.000040000400005e-06,3,0,0.08844826092303759,1.2000120001200014e-05,0.0005160051600516006
534,2018-06-07 10:10:26.637568,0.4,4.000040000400005e-06,2,45,0.11185491435094946,1.600016000160002e-05,0.00048400484004840053
535,2018-06-07 10:10:28.058682,0.4,4.000040000400005e-06,2,28,0.1732452728449601,1.600016000160002e-05,0.00048400484004840053
536,2018-06-07 10:10:29.534109,0.4,4.000040000400005e-06,4,30,0.051353015621224234,1.600016000160002e-05,0.00048400484004840053
537,2018-06-07 10:10:30.993664,0.4,4.000040000400005e-06,3,35,0.0944912805261158,1.600016000160002e-05,0.00048400484004840053
538,2018-06-07 10:10:32.483445,0.4,4.000040000400005e-06,3,41,0.17294313127110036,1.2000120001200014e-05,0.00048800488004880054
539,2018-06-07 10:10:33.857201,0.4,4.000040000400005e-06,2,50,0.14873345551546355,1.600016000160002e-05,0.00048800488004880054
540,2018-06-07 10:10:35.313157,0.4,4.000040000400005e-06,1,14,0.19255956345001726,1.600016000160002e-05,0.00048800488004880054
541,2018-06-07 10:10:36.680041,0.4,4.000040000400005e-06,1,7,0.09273285822455213,1.2000120001200014e-05,0.0005120051200512006
542,2018-06-07 10:10:38.068162,0.4,4.000040000400005e-06,7,22,0.11732410096039786,1.2000120001200014e-05,0.00048800488004880054
543,2018-06-07 10:10:39.566891,0.4,4.000040000400005e-06,1,31,0.14854385511504084,1.600016000160002e-05,0.00048400484004840053
544,2018-06-07 10:10:41.045382,0.4,4.000040000400005e-06,5,13,0.0707877163926186,1.600016000160002e-05,0.00048400484004840053
545,2018-06-07 10:10:42.490440,0.4,4.000040000400005e-06,4,37,0.024825825186005426,1.600016000160002e-05,0.00048400484004840053
546,2018-06-07 10:10:43.901375,0.4,4.000040000400005e-06,1,17,0.07199500440896973,1.600016000160002e-05,0.00048400484004840053
547,2018-06-07 10:10:45.296362,0.4,4.000040000400005e-06,4,3,0.051260434254908116,1.2000120001200014e-05,0.0005120051200512006
548,2018-06-07 10:10:46.797914,0.4,4.000040000400005e-06,7,13,0.08566406791716244,1.600016000160002e-05,0.00048400484004840053
549,2018-06-07 10:10:48.214076,0.4,4.000040000400005e-06,5,23,0.08043640148423062,1.600016000160002e-05,0.00048400484004840053
550,2018-06-07 10:10:49.620247,0.4,4.000040000400005e-06,3,41,0.1793144083072189,1.2000120001200014e-05,0.00048800488004880054
551,2018-06-07 10:10:50.972737,0.4,4.000040000400005e-06,5,34,0.13033127981072068,1.2000120001200014e-05,0.00048800488004880054
552,2018-06-07 10:10:52.432775,0.4,4.000040000400005e-06,4,32,0.12371934746166763,1.600016000160002e-05,0.00048800488004880054
553,2018-06-07 10:10:53.828358,0.4,4.000040000400005e-06,7,40,0.10889706513699807,1.600016000160002e-05,0.00048400484004840053
554,2018-06-07 10:10:55.219616,0.4,4.000040000400005e-06,5,32,0.12867241102212176,1.600016000160002e-05,0.0004800048000480005
555,2018-06-07 10:10:56.578132,0.4,4.000040000400005e-06,3,1,0.036652405423144095,1.600016000160002e-05,0.0005120051200512006
556,2018-06-07 10:10:58.111464,0.4,4.000040000400005e-06,1,3,0.009448309931851286,1.2000120001200014e-05,0.0005120051200512006
557,2018-06-07 10:10:59.495146,0.4,4.000040000400005e-06,0,12,0.15347000351442183,1.600016000160002e-05,0.00048400484004840053
558,2018-06-07 10:11:00.859806,0.4,4.000040000400005e-06,7,25,0.12569890476071752,1.600016000160002e-05,0.00048800488004880054
559,2018-06-07 10:11:02.290344,0.4,4.000040000400005e-06,5,7,0.1512440646840082,1.2000120001200014e-05,0.0005120051200512006
560,2018-06-07 10:11:03.686302,0.4,4.000040000400005e-06,0,33,0.19761652637686689,1.600016000160002e-05,0.00048400484004840053
561,2018-06-07 10:11:05.155123,0.4,4.000040000400005e-06,3,6,0.08176331817697342,1.2000120001200014e-05,0.0005120051200512006
562,2018-06-07 10:11:06.589266,0.4,4.000040000400005e-06,0,30,0.02894389546497833,1.600016000160002e-05,0.00048400484004840053
563,2018-06-07 10:11:07.960694,0.4,4.000040000400005e-06,4,4,0.13464620073630726,1.600016000160002e-05,0.0005120051200512006
564,2018-06-07 10:11:09.368477,0.4,4.000040000400005e-06,5,5,0.033489254878426244,1.600016000160002e-05,0.0005120051200512006
565,2018-06-07 10:11:10.821470,0.4,4.000040000400005e-06,2,11,0.15250798717846722,1.2000120001200014e-05,0.0004800048000480005
566,2018-06-07 10:11:12.194843,0.4,4.000040000400005e-06,6,47,0.043984998508061195,1.2000120001200014e-05,0.00048400484004840053
567,2018-06-07 10:11:13.663746,0.4,4.000040000400005e-06,4,42,0.187630365304426,1.600016000160002e-05,0.00048400484004840053
568,2018-06-07 10:11:15.140298,0.4,4.000040000400005e-06,5,22,0.025447129652205705,1.600016000160002e-05,0.00048400484004840053
569,2018-06-07 10:11:16.640144,0.4,4.000040000400005e-06,0,29,0.15316934875397892,1.600016000160002e-05,0.00048800488004880054
570,2018-06-07 10:11:18.052359,0.4,4.000040000400005e-06,6,23,0.19747863288592554,1.600016000160002e-05,0.00048400484004840053
